Enrollment_No,PSS_Score,Security_Allowance,Experience
234561,24.555315074055077,0.5960443839529659,23
234562,27.135998893948006,0.2680881695893861,22
234563,23.43527044054919,0.33260631126076995,28
234564,24.394901954753532,0.8191411932067842,9
234565,24.3010753290132,0.6588541469929496,14
234566,24.40899671165538,0.476777315320174,16
234567,27.67141141060648,0.4294014510797757,16
234568,24.05732835314169,0.98,15
234569,25.516093533955203,0.24467334820472764,24
234570,28.8399887568283,0.3834866856639778,18
234571,25.592471708712697,0.3498911912142144,15
234572,25.478655683025863,0.98,29
234573,22.08071394816846,0.4473345719473318,16
234574,24.144165057649904,0.5903480048152951,23
234575,24.785049778894958,0.1,16
234576,28.5339163093268,0.35411033507275586,15
234577,20.624622078533495,0.5386448632178268,20
234578,25.625295156117925,0.7123935913764311,9
234579,27.34948601839106,0.9188476711339181,23
234580,24.35070982117315,0.8934949489385203,6
234581,25.193008843459012,0.1,22
234582,27.027577133451064,0.98,8
234583,24.804279250469783,0.13545448508400315,28
234584,20.787037858312196,0.5994367930903632,29
234585,28.350186951843213,0.30044008870338634,4
234586,20.07006477783098,0.98,3
234587,29.41781351059663,0.3242667482909787,24
234588,26.76556290982744,0.5872592090733354,12
234589,26.9427429371968,0.7767524846162983,22
234590,25.76742354315206,0.847389318157278,23
234591,25.457749209462122,0.7272923111293061,16
234592,26.782939421545187,0.7529184463932024,29
234593,25.296816982304204,0.98,18
234594,23.90589251275617,0.1,11
234595,22.543697819912694,0.7241968459573961,9
234596,23.626616697482334,0.7935709831110562,3
234597,20.570437863116496,0.5177325736961081,13
234598,23.904962959144363,0.3945800999526098,27
234599,28.086085259336926,0.8397180585426962,9
234600,24.711636604731638,0.656116847166853,10
234601,27.66031347537699,0.35320272679827897,4
234602,26.61703747827666,0.32191834672719843,12
234603,21.19461339173093,0.98,22
234604,24.61585490557372,0.6268729519599081,11
234605,26.240836803121454,0.25629115458801827,27
234606,27.574730574223363,0.6552741239698118,17
234607,23.78240741128339,0.32024128552794384,12
234608,24.758649783749476,0.9684536733468367,26
234609,22.59688310022777,0.5956562936776786,29
234610,20.851394385969577,0.8378369844215448,8
234611,22.66715390249891,0.44520446817142345,7
234612,23.26814288980173,0.2007873759561496,23
234613,23.35646388016726,0.20051672010227678,20
234614,24.721702438544924,0.5939639191636534,24
234615,24.763029615121095,0.8719283584173416,10
234616,25.168569141041957,0.98,6
234617,24.481435991281817,0.98,24
234618,22.176094884992672,0.25813449666700683,16
234619,25.890895779298454,0.7240793440409148,9
234620,25.17856297496323,0.7090727449453657,7
234621,27.63432154468051,0.7192173941846438,21
234622,22.29835101289807,0.4058526762201923,8
234623,26.41494923174227,0.4511528841360482,2
234624,20.813952384038963,0.43961915180397304,27
234625,27.646605090447682,0.9457360372649963,17
234626,26.90696628747739,0.6894975736709704,2
234627,25.97799300258884,0.4988486280131449,4
234628,30.917630260276166,0.98,10
234629,27.696182272006205,0.31966493943851354,10
234630,24.172430550414894,0.31641725892937067,22
234631,24.377998824581542,0.4000447487686288,5
234632,24.489099777408725,0.4913299052818762,25
234633,25.463866815275047,0.7990995135733723,5
234634,26.28141681125451,0.10785889005542959,26
234635,26.202399292659646,0.36486330018462443,19
234636,24.47320749394322,0.6867329147874187,24
234637,26.66571457483985,0.6620593750628094,13
234638,19.593308657253004,0.625880455017169,1
234639,25.939240254142504,0.1,10
234640,24.384543898357393,0.7234955126029355,20
234641,28.88740251874408,0.8676583429928516,21
234642,20.976737184418944,0.510939343638815,10
234643,28.450002572653727,0.15052910932188102,23
234644,22.20371523522225,0.4550131461882394,17
234645,23.474179725551934,0.1,1
234646,25.109607260515567,0.1,2
234647,23.471509114401087,0.47456616974258814,11
234648,23.53276018008106,0.1,16
234649,25.799667919146856,0.5563456107405371,20
234650,22.616191077363915,0.21011985297328245,18
234651,20.887851040814443,0.1,29
234652,31.82170690885039,0.1,17
234653,23.82224806325693,0.98,9
234654,24.94931694235803,0.98,8
234655,24.45890981811153,0.7828529274552743,24
234656,22.184199907283595,0.7386880518930138,17
234657,25.525526733511747,0.98,17
234658,22.611475027307016,0.98,24
234659,23.6317988625558,0.1388272231131648,25
234660,24.259720867923804,0.1,10
234661,25.652526018885734,0.5985317234654486,6
234662,25.479636653691973,0.5437704836459093,15
234663,28.282343811697665,0.3444501670569428,18
234664,22.131193732447038,0.26134106700246684,11
234665,23.513480608910474,0.1,27
234666,24.402366349403007,0.44544363620494726,23
234667,19.932509446557106,0.5566352894874786,10
234668,25.374174138138226,0.9519944521303891,26
234669,21.118775561907725,0.5645268998242511,13
234670,26.174274195990094,0.1,21
234671,26.519864198570716,0.13338070979282346,23
234672,25.33385640843721,0.3957716900292205,20
234673,22.664831788690417,0.21193394934480536,9
234674,26.04473476931391,0.17148164251592435,11
234675,24.30174433102836,0.98,22
234676,27.869806936431534,0.1,10
234677,26.658144499501184,0.5608371606870011,27
234678,33.276423058369716,0.8395286313291594,8
234679,21.203188935395453,0.98,11
234680,27.41466597478257,0.6453229757732655,10
234681,27.20248264719097,0.98,12
234682,23.897312775090413,0.5900767544633502,7
234683,25.24489711984217,0.8221713286640007,19
234684,25.670023345842,0.2216731785119836,1
234685,27.337891079488255,0.5058970484491311,5
234686,21.83418081838272,0.3233820121535653,8
234687,28.78817493538124,0.2554265046606843,2
234688,28.72308437461188,0.7708661735799383,6
234689,27.431721947058904,0.4138395526485793,16
234690,26.030530801045145,0.5710350850530019,9
234691,26.062445660644016,0.8631393492273185,7
234692,24.56764212960232,0.1,10
234693,20.87948423434262,0.2915575503389406,14
234694,24.83620481896977,0.6437282083431649,9
234695,24.1047124554986,0.7260578255119843,13
234696,23.2123217756061,0.98,27
234697,24.74105144734079,0.22505240360770423,1
234698,23.53112223334535,0.7396835810833956,5
234699,22.135739181388672,0.49755407768086596,7
234700,27.58313890278955,0.1,27
234701,23.617430713157596,0.1,14
234702,25.776653863596632,0.6300495097449672,11
234703,28.077402441186102,0.32988273814153257,16
234704,25.168492598925766,0.1,22
234705,22.9443685237765,0.1,15
234706,27.319881789486022,0.1,1
234707,27.915034487479367,0.98,15
234708,21.513604616564603,0.5829010685659414,14
234709,25.75198508838051,0.6230261205418951,14
234710,28.484592495779044,0.40781023034987973,3
234711,28.129370386038435,0.3821337521857623,16
234712,31.839865874344994,0.4818748418378224,18
234713,26.083632169135043,0.3978188637781279,7
234714,30.075772552376446,0.98,25
234715,27.661988893076913,0.7379497201054654,16
234716,23.050166670340197,0.1374432968246488,19
234717,25.891475632419898,0.3859199180582887,5
234718,23.800020752600965,0.2123454232847029,7
234719,22.621089631491934,0.8143163287919153,18
234720,25.494674850284564,0.4217048556148927,15
234721,22.669765433427315,0.5582723807058337,14
234722,24.97558771590726,0.886692978241614,2
234723,25.28222952562951,0.1,10
234724,25.285011476615953,0.1,18
234725,28.16022651801775,0.581577388276145,27
234726,28.486056703953654,0.23816584471563773,7
234727,20.63823930531774,0.767944858632295,11
234728,25.25764089950303,0.3313127796307265,7
234729,23.45596426663255,0.98,18
234730,24.6251166985871,0.98,6
234731,28.869550220217143,0.1,24
234732,22.25967375463005,0.98,12
234733,20.71348208794828,0.5171505309811294,25
234734,24.6930256851454,0.5976548200805281,8
234735,22.590012744581127,0.7049505275553986,11
234736,24.40392451522975,0.2428988247365727,12
234737,26.804947325768456,0.5751527518969984,24
234738,23.651551555555375,0.4308771341427118,15
234739,26.620172057414976,0.562113459297222,20
234740,24.45926590078614,0.844676524791619,26
234741,26.339189512849657,0.2296187870825997,3
234742,24.685029479365657,0.1,22
234743,23.567270857511083,0.1,24
234744,24.716322803156647,0.1,24
234745,30.01111103077465,0.1,13
234746,25.879253825116965,0.27997261479146296,16
234747,28.20489901492366,0.2598124357315732,8
234748,22.369883601004634,0.7381837779852669,8
234749,24.795251437556168,0.98,23
234750,29.07179209107183,0.7663972807545143,4
234751,25.256553564244893,0.3858994242829504,3
234752,25.969494621446767,0.7424561449052685,5
234753,24.553823602514775,0.1,11
234754,22.106319860998724,0.5525841479730277,24
234755,24.112455972147224,0.5234314704275962,18
234756,23.7189685032609,0.661698502090463,4
234757,19.588949589030793,0.98,11
234758,29.125517654862097,0.1,13
234759,19.960476424037985,0.3067888234406847,28
234760,25.64686315789879,0.6625314468435194,26
234761,26.283647448518042,0.1,2
234762,28.84230223343259,0.6949685985387937,23
234763,23.038550887177077,0.18764486515822748,19
234764,25.076701486977377,0.7432440022989426,3
234765,25.36193848800539,0.26398344438334,27
234766,25.051708940681177,0.43061269014081943,18
234767,26.952520911457526,0.7773088756769326,24
234768,25.578893100265333,0.46573492169135267,24
234769,23.901331909905416,0.885357445265017,15
234770,27.81057210071269,0.5905181490696797,17
234771,27.667230882586942,0.1834341182653118,16
234772,23.54942740730996,0.6973052386623051,16
234773,26.27628816850546,0.4017694343563239,26
234774,28.27856562652301,0.8777041880517649,23
234775,24.288973278817757,0.6340269315244421,5
234776,24.12654031990417,0.98,27
234777,27.212764311315766,0.1,17
234778,22.950006833191587,0.8266252308457013,27
234779,21.449309985184545,0.1,21
234780,26.09491685757388,0.2861920984593853,29
234781,23.892486779257357,0.5209418988025436,16
234782,25.13481356409235,0.3562513309589762,13
234783,33.55461280996881,0.3160844285527277,7
234784,25.75869147735308,0.98,25
234785,24.197374003130097,0.98,14
234786,29.103257379593597,0.8412903287643245,12
234787,25.41853843332459,0.41048100739626336,4
234788,28.85854003441734,0.1,11
234789,25.736456126065455,0.30582000220019473,8
234790,25.252756715706706,0.6810159862888213,19
234791,20.516982192430497,0.6653191498457904,13
234792,28.416425705426967,0.9113525764563604,2
234793,28.550745225853774,0.6863477728309573,18
234794,25.523215902004388,0.4431791748234319,18
234795,28.04789918152586,0.6064569827870605,6
234796,21.117424718498032,0.1221972702432097,12
234797,27.189360962697517,0.98,22
234798,23.836859201584392,0.4665426583512681,9
234799,27.390151298484483,0.7337052550147253,21
234800,21.29803449274858,0.24832406686800967,17
234801,26.301471203006393,0.7048710357615835,18
234802,26.638523819503348,0.2959181172369744,2
234803,22.67418901744587,0.20531611730451882,8
234804,25.462538018203595,0.5146803857676232,12
234805,23.90547231467419,0.43690376081719273,12
234806,22.409275808685155,0.933768760153237,25
234807,26.954208255515702,0.2149338785109447,12
234808,26.95591198245408,0.15872112444374953,1
234809,21.898113908435924,0.1,1
234810,21.44478739827434,0.657350013122477,28
234811,25.177150193433995,0.1,4
234812,19.193796351510734,0.98,28
234813,28.105217194226263,0.9400096582234749,6
234814,25.03898930185335,0.3276238433581162,24
234815,24.931113691988497,0.3523693917213304,10
234816,25.595806671301997,0.98,6
234817,25.88997401975871,0.4135897669654179,26
234818,23.374756243977394,0.42262138729598164,3
234819,27.268628387032052,0.38661808386204344,29
234820,28.92909586070552,0.3107638062144722,25
234821,22.998036209259126,0.7630096811516536,18
234822,26.486283431025488,0.7614607377962002,2
234823,24.450620905872633,0.9755196336181959,20
234824,21.462300289558492,0.1,13
234825,24.207473897054772,0.1,29
234826,26.051670335635453,0.8036559078725993,18
234827,23.546513589419583,0.8844089206370117,14
234828,23.905295656618126,0.5087355632787323,3
234829,21.15764180540246,0.1,26
234830,23.947495674748723,0.5454212354942906,22
234831,25.845127551800413,0.98,20
234832,24.40474645528098,0.27406207386854375,17
234833,25.46776476547585,0.98,28
234834,24.497637044395262,0.1,23
234835,30.06600178630233,0.5547339485697486,2
234836,25.775184424720706,0.5314159391202569,7
234837,21.937362972077914,0.6475143601006843,29
234838,29.16873862060875,0.2001885312051775,17
234839,21.25883000024585,0.6935440034621352,11
234840,26.524520543632285,0.728079428583952,22
234841,25.324686150472907,0.26521366929876156,13
234842,26.74874968623028,0.5633501013648972,15
234843,21.370865319895607,0.2654059377042882,26
234844,25.15953404821659,0.40568082072009104,16
234845,26.945775986077322,0.98,15
234846,27.242465827328996,0.2065104903373186,4
234847,26.956340479599334,0.20984185204230216,13
234848,26.560604180388435,0.4475629335760304,8
234849,23.272018848407566,0.1,22
234850,26.01669015431279,0.2585585816050351,7
234851,23.50305239636397,0.1,3
234852,25.573546997147197,0.31903255835871414,14
234853,26.34371217734982,0.46423909165312705,24
234854,21.415996954332225,0.11127448275055352,1
234855,23.434453143251243,0.24797341133965944,17
234856,26.24556370458906,0.7531406855492221,6
234857,27.97393630368947,0.27105158579354705,15
234858,25.02667271539849,0.2651166974729404,20
234859,24.09598443629212,0.3865911634547157,28
234860,26.08873592473357,0.1,7
234861,23.334363297502108,0.6151950106542737,5
234862,23.099525811120998,0.2684484241027466,28
234863,24.934268362775736,0.1,20
234864,23.31327861733594,0.1,2
234865,24.919340527984577,0.49813707230335436,23
234866,26.003600031240808,0.8346690877287096,23
234867,25.703856693230364,0.7649749962685255,25
234868,23.98617596325661,0.10773030273355289,4
234869,26.839709444560267,0.3315407039640085,26
234870,23.42672755669169,0.1,7
234871,20.00050227274858,0.1,4
234872,25.83433176145597,0.5514930512222639,3
234873,21.589597403172093,0.1,12
234874,17.465643263430085,0.1,28
234875,23.085227757253463,0.6352183989805286,3
234876,23.235359602287556,0.1,8
234877,27.652407253159986,0.29055870540535234,1
234878,25.210631802180977,0.19029572540356193,21
234879,24.974118652183098,0.1,21
234880,27.240434151311863,0.98,10
234881,26.028711822103563,0.21169257834399496,25
234882,21.782089571547107,0.8335751133219671,19
234883,20.96686810564541,0.1,1
234884,25.441752433800136,0.1,27
234885,25.28020591279915,0.18582210652485864,25
234886,21.911693571867886,0.5036003841253783,28
234887,22.991764918971686,0.1,17
234888,22.500200031148534,0.36666417658735806,25
234889,22.520823909793506,0.8768456308229838,14
234890,25.243587937415768,0.6085667804897972,24
234891,22.19355801140179,0.10283990876585714,11
234892,25.606218093535293,0.6429553105425598,28
234893,19.435822650857656,0.6703633501746912,15
234894,28.12780412949194,0.8964220395513973,25
234895,23.082992956661542,0.98,18
234896,24.698122266911103,0.1,4
234897,24.127620174478103,0.7937744062768961,21
234898,26.040062240797816,0.48029802605559707,18
234899,25.69882478178423,0.2416976179547201,5
234900,25.10474214556543,0.3244006689212596,25
234901,22.46325264729572,0.9315199050323444,16
234902,27.972256246918956,0.36273337709567033,6
234903,29.276465278782666,0.646483997894895,14
234904,25.630244533152467,0.6620935029541886,29
234905,22.505290139076127,0.6288705742193436,10
234906,23.117252643585196,0.5904584300828655,21
234907,27.403296167055846,0.2107050160987598,25
234908,22.06451833570536,0.31629642847269546,2
234909,23.26338031013954,0.21032732041603103,4
234910,23.525823989123477,0.430673389356438,13
234911,21.844588308722834,0.1,2
234912,22.63918498656091,0.1,27
234913,24.28416386990087,0.6122476415415392,25
234914,22.78606416474531,0.35266788560948453,29
234915,25.623441579045682,0.98,17
234916,24.48336871665955,0.4363854163407162,1
234917,27.48257041835486,0.9300411525060914,12
234918,23.26825326018086,0.28571262676585013,12
234919,26.302166506127932,0.1,25
234920,27.134796945165157,0.1,1
234921,24.00469271631375,0.1,13
234922,24.367061371247814,0.5048502201047267,22
234923,23.396667801244252,0.8032453488595555,14
234924,30.464827152880424,0.632907713835368,21
234925,27.99566082387387,0.7113121335395582,11
234926,21.20745124690507,0.1,22
234927,25.11226442086456,0.33023150508868115,18
234928,25.94992522188319,0.323809087170007,10
234929,21.119412182600726,0.98,6
234930,24.55831157838879,0.4492398864059567,26
234931,25.54731923121527,0.8394169341646731,16
234932,27.293207984783663,0.98,4
234933,23.288820576971347,0.29508035039437985,22
234934,23.246208008806345,0.3600263954413895,28
234935,22.20050469612685,0.1704594936726277,10
234936,24.80036061153798,0.1,2
234937,26.27203175988937,0.545526117020508,28
234938,26.375871208348933,0.2669304055795112,24
234939,28.288678933894108,0.4143010327722119,18
234940,22.998610767088415,0.42176932628793484,2
234941,27.163502126712288,0.8849798218972622,29
234942,24.81880009382773,0.2777436779994843,6
234943,23.796321320713375,0.98,10
234944,23.41467275296168,0.5261905130781979,24
234945,27.451723870291833,0.7231833774377487,18
234946,26.509738431790716,0.8507975162176733,7
234947,26.797408957053392,0.4614682239794109,1
234948,25.945001064676827,0.7620773002070023,10
234949,23.13309092294695,0.22469482679262148,11
234950,25.573071226240774,0.1,2
234951,25.160753676739986,0.7217531668281039,16
234952,24.410292825185373,0.5374854822234453,14
234953,29.60803754247522,0.98,7
234954,21.0563132342968,0.7009318575673612,29
234955,28.21864345191458,0.2504853469248485,8
234956,26.109045066356902,0.98,5
234957,21.39937333988655,0.8687499994709298,18
234958,25.449032602150385,0.3666625893916302,27
234959,24.894127876515437,0.16038138980379762,7
234960,26.11594998207402,0.5353936721688357,9
234961,24.696842940981657,0.5974291307575044,21
234962,25.848047964224826,0.603392738493793,9
234963,26.24095311135395,0.8888160875639725,11
234964,23.33391865961838,0.98,11
234965,26.248841672069318,0.98,9
234966,22.533654390036858,0.7867480114217842,18
234967,19.59345084417449,0.7053227854157695,22
234968,24.4323290652558,0.8448109294159933,21
234969,23.38992554146066,0.98,25
234970,18.760287085479302,0.836918156056135,21
234971,22.495536886501853,0.1,23
234972,22.631867606509214,0.39592525708609677,24
234973,25.673216579702537,0.9181478027993439,5
234974,25.085630510787563,0.5992793557826596,12
234975,23.825122516513954,0.7030351974768251,17
234976,26.62505755434218,0.98,22
234977,24.468761948700923,0.858427192662141,22
234978,21.949510452766344,0.5621977879077917,16
234979,25.339208128254302,0.5864410272506118,16
234980,24.109519628779996,0.19414672022510887,11
234981,22.652075408332617,0.1752958476540843,15
234982,26.674486081617864,0.1,3
234983,22.971878048537505,0.98,13
234984,28.903753221731346,0.9123555861315891,29
234985,23.942784688745817,0.35637215969118274,15
234986,28.475960188590346,0.5403435178123421,13
234987,24.005075016868265,0.5229995883785378,27
234988,27.89469790000895,0.25828193579658354,3
234989,25.408257547782764,0.6256155175222067,4
234990,24.215202684142053,0.6758565601595776,3
234991,29.767222363959945,0.6877983627198546,27
234992,25.953535494507985,0.4872023703286517,3
234993,26.810025177471598,0.1,29
234994,23.11563000501403,0.28632209601165104,20
234995,28.00698489638752,0.8819086679878456,10
234996,26.73790918099432,0.7470267511702341,9
234997,27.88264939698226,0.1,12
234998,24.971874071685534,0.2934519187317981,7
234999,18.748238346027826,0.3231299059288496,20
235000,28.46386101308516,0.19550592314244375,4
235001,26.398686050443263,0.15320617268170977,13
235002,22.189792105586232,0.5836511804385935,24
235003,27.38306535958707,0.1376775260069661,23
235004,25.45904891317361,0.1,4
235005,22.05378113697137,0.6024770797416438,16
235006,21.657607734274972,0.4929913025903647,8
235007,28.42331445462154,0.1,18
235008,25.51273868248534,0.1,9
235009,24.68506217993651,0.98,9
235010,25.02070228388303,0.9690376607586452,7
235011,24.14332362825206,0.1,28
235012,26.916770750235145,0.5932111808314677,12
235013,30.2676858989871,0.48962630500756854,9
235014,24.27831615921143,0.6284054512381108,19
235015,25.590653932497524,0.8130229766554051,21
235016,25.810506455505074,0.950156593213592,16
235017,26.305851919035874,0.6153342821351041,29
235018,29.42603671573633,0.3997797292313903,21
235019,23.231703984423884,0.98,15
235020,20.898640542851542,0.1,25
235021,25.26401243793803,0.1,26
235022,21.641904243150883,0.7824519386222014,7
235023,25.119361298631368,0.7926665684455432,10
235024,21.61138573601628,0.3547993536948697,5
235025,26.839297825489158,0.5356640300532988,6
235026,28.387639486942042,0.2741988633606385,12
235027,25.64487540563546,0.1,7
235028,23.59049014630782,0.1,17
235029,22.639415246434247,0.6136714572903395,18
235030,21.2852110728271,0.4702258507793557,26
235031,24.08573867877454,0.9011859388703749,15
235032,24.894304577998508,0.5071271217196067,16
235033,25.432447475784375,0.98,8
235034,23.955464634160087,0.6562543497131276,11
235035,20.43294134555225,0.1,3
235036,28.945092108893416,0.1,12
235037,22.18385885685238,0.10131793896503116,11
235038,24.10649460645302,0.5419646552714569,18
235039,28.31908993781012,0.98,3
235040,29.24978359421371,0.8442038809412236,21
235041,22.09732037431167,0.9348027078058566,12
235042,24.1486602752432,0.5090772359009778,20
235043,25.723366345345,0.98,15
235044,26.5811120609968,0.8898026018895567,22
235045,22.587464116069324,0.6852148292991537,29
235046,23.069026986823793,0.1,28
235047,22.64450558850067,0.3684339959509443,5
235048,23.997296128565832,0.98,7
235049,27.848323926193817,0.40622417595837906,20
235050,26.529441697647236,0.98,28
235051,23.961350610924974,0.6723831999931558,27
235052,23.91462566811191,0.7111848251553062,7
235053,28.370956224711527,0.6383085974390927,29
235054,26.904914058293343,0.7216309322079366,4
235055,24.93912517522465,0.4340930455049701,27
235056,20.942373932327907,0.42167579594903726,25
235057,20.843256204749125,0.1,10
235058,26.856425661688753,0.17482320276298413,22
235059,24.02916114026904,0.6686487766336524,11
235060,29.081957085070783,0.7461926419688607,15
235061,24.290414575015568,0.1,17
235062,20.36597195551843,0.23725685847741745,22
235063,26.44823670868424,0.1,23
235064,27.34410799196595,0.64201953323861,6
235065,25.4235260834186,0.4593971122118917,18
235066,24.509028795520592,0.98,20
235067,23.705041360416956,0.17810000385479635,26
235068,24.378001136806766,0.5754653352172548,9
235069,20.10490670059561,0.6586933954341905,26
235070,23.97993920361105,0.5404290986583492,7
235071,27.771663774297725,0.1,2
235072,21.969946631736452,0.4260798192355253,25
235073,23.657319083957606,0.3089219381487067,20
235074,24.341288282751727,0.465046151871885,4
235075,29.540573109551744,0.21995877486485343,8
235076,27.966898684272707,0.8587822130670226,27
235077,27.520420325563972,0.98,28
235078,27.085386809010608,0.1,3
235079,26.64133468309718,0.1,7
235080,24.355726649988796,0.2978994300471002,3
235081,22.004828704205206,0.8598729043812112,27
235082,26.13629938488246,0.6332694644668774,28
235083,29.77561453139209,0.43454500156623166,5
235084,26.465421118489505,0.3197114374764982,28
235085,24.75299245433449,0.6341528162280505,21
235086,27.317544015303675,0.5848409630544424,4
235087,28.512392071787268,0.7657733424728317,4
235088,24.68854370168142,0.38580475152111937,29
235089,24.002072018740492,0.3889837684258078,21
235090,27.537285722844132,0.22026167881169123,29
235091,20.892511571056808,0.1,26
235092,26.42987499503991,0.35952892182607255,7
235093,26.460770292988393,0.969412985965744,21
235094,28.830365553469786,0.29152374799517833,5
235095,22.956077907911233,0.98,13
235096,25.987986242770802,0.3107026336988308,3
235097,25.50052264519786,0.1,17
235098,24.37411123427151,0.39475676696422846,22
235099,23.492401509176357,0.41195794738961555,5
235100,24.205974725547254,0.551286727545443,26
235101,21.17898836492572,0.6846397292798099,15
235102,25.447550891920685,0.38968975533155104,16
235103,25.876241625024004,0.98,4
235104,24.647165587005045,0.98,21
235105,25.06653801138737,0.5924850078378464,6
235106,24.565906324446576,0.399026314575866,11
235107,22.6121808488873,0.6039372080864029,29
235108,25.67341200646368,0.98,13
235109,23.93647840083676,0.43908273456642044,29
235110,23.713691267346434,0.98,4
235111,24.753498311115916,0.41153796597813075,14
235112,26.51234168614013,0.733694279931655,9
235113,24.039002162600305,0.98,14
235114,21.002944704056787,0.1,20
235115,30.189243848181274,0.2903169883731159,8
235116,26.93337609230683,0.3286927006764248,25
235117,26.358976808409665,0.5203959818275963,7
235118,26.870189112102526,0.1,27
235119,23.315751671713038,0.1,15
235120,24.69471680411167,0.897965430009827,25
235121,31.56953383803293,0.10651238045648581,20
235122,23.048736838663665,0.7297915082013668,13
235123,26.16372664615561,0.40788365461962234,28
235124,26.234273127717838,0.7743695672880682,15
235125,23.308851190890564,0.5476719211460916,3
235126,27.629469024085083,0.26508801963734063,25
235127,25.261686708735553,0.1,5
235128,26.79145743381519,0.4890698072040653,3
235129,17.016584109147377,0.2063977003903517,27
235130,20.925560610764535,0.1,20
235131,25.67256250208865,0.784430661400942,28
235132,25.148481716109462,0.7229967727815416,22
235133,26.981625314394954,0.1,8
235134,22.69026225949766,0.20373152368551006,21
235135,25.22769401104885,0.7800746147460479,1
235136,25.430832087855727,0.7366742141013148,19
235137,25.68519886385272,0.1,20
235138,21.08626393002398,0.8513499167837856,1
235139,26.849609563135253,0.1,15
235140,24.339834624182174,0.7778493865921481,13
235141,26.674800554273624,0.45958818307184485,10
235142,21.066710006581182,0.2696519839389852,18
235143,27.439805755020277,0.6852092732996595,21
235144,23.252589133591137,0.49659499458383477,17
235145,19.906375024053965,0.7326484990246438,11
235146,29.869717390910978,0.8871941697262593,6
235147,23.764787897455097,0.3911838295035058,25
235148,27.713252256519006,0.98,21
235149,23.28837124851762,0.5804322741627476,9
235150,21.79461825486265,0.5495467225624673,7
235151,28.972138371587583,0.45563272898255197,19
235152,26.483624357255504,0.6998686182332765,15
235153,23.507995297820806,0.5571941080382093,20
235154,29.34139212848619,0.6850384411714121,21
235155,18.39385476734542,0.4261677330387884,13
235156,26.386422463793753,0.6407148853886302,17
235157,22.70203024001572,0.4520902151006027,12
235158,25.938429898989764,0.6513988595311825,11
235159,23.723255835666276,0.1,8
235160,25.638900672261617,0.48072022394126346,14
235161,23.268725702913347,0.12334311269791437,20
235162,25.790420547170747,0.5090838897426646,8
235163,28.281478517963233,0.1933549917844234,3
235164,22.918292583420563,0.7401831338518778,8
235165,26.376370796123926,0.1,3
235166,27.682837635143397,0.2549949334184393,29
235167,32.10863998941618,0.3625960016499321,5
235168,24.981364216204227,0.5217979193369849,12
235169,24.90767902068163,0.4282651565800477,19
235170,28.494842618944062,0.37342633430066396,27
235171,24.040644124702684,0.98,14
235172,22.613419563627225,0.5927008157336721,28
235173,18.958440751797458,0.4581342489250761,1
235174,24.34119512352259,0.5295763758760174,12
235175,24.483790168930724,0.6219123412862096,28
235176,25.06308041454788,0.5349459289977447,21
235177,20.00449570139367,0.1,1
235178,22.9855364005467,0.22309832181953898,25
235179,20.622400051177856,0.2909554779056236,17
235180,24.248184022366832,0.5740759585051398,2
235181,23.382641005962093,0.8933774675923608,7
235182,20.764878636864296,0.8197343299699228,8
235183,24.928947867873323,0.4388713428060683,18
235184,20.89926630583258,0.4941026939752198,28
235185,25.557700175248353,0.1,9
235186,24.01451801418267,0.5710848828931839,20
235187,29.839282031635108,0.42770652144075494,5
235188,24.240739888732172,0.3118399821058054,28
235189,28.410275040174472,0.6240044684735346,1
235190,25.670732980326665,0.42269819238145623,15
235191,25.088078733686217,0.30608431214435694,27
235192,23.037912527161964,0.9235382869801763,23
235193,26.98802031808176,0.9022304694740824,1
235194,24.56344485060008,0.9204159714111224,10
235195,22.749543330390495,0.48695559819518286,8
235196,23.287589037303153,0.6455529890795328,11
235197,23.272599710527725,0.98,8
235198,26.15369046092376,0.809642591702946,16
235199,24.381381320882994,0.1,12
235200,24.587435611563254,0.1,10
235201,26.616695192479522,0.1,6
235202,24.37824865736243,0.1,6
235203,21.459237277448352,0.6800819059605071,15
235204,24.83304625106959,0.6166012818679107,27
235205,23.918532119087168,0.8377127698427844,18
235206,24.202312040201328,0.6012985067028834,3
235207,25.684716624572392,0.98,13
235208,26.548080760325647,0.7053910293791555,18
235209,30.197167543226886,0.5041254108871952,15
235210,27.244870916843492,0.40096538680672356,24
235211,24.581743760851026,0.5290202112525801,23
235212,21.908338995318324,0.7993912152636397,11
235213,23.072284697086687,0.4618435667207786,18
235214,24.054584594993656,0.5922277268799089,6
235215,23.45980324821449,0.5838656124083259,7
235216,24.345713726586244,0.1,20
235217,21.17205842937242,0.7321532580184927,6
235218,24.695855995532074,0.32236032702834294,13
235219,23.446468933586498,0.453049581542619,13
235220,27.569158844004246,0.45970119135256593,26
235221,22.379870061289292,0.98,10
235222,23.38571202089961,0.562368550087819,7
235223,24.82799507299843,0.2437304165006588,9
235224,22.996162863697588,0.98,4
235225,21.522903365680893,0.98,1
235226,25.702870722188464,0.23391398300421457,21
235227,27.019282889886473,0.20365861719297346,11
235228,25.37455791062503,0.36827284275824,20
235229,27.199271263308706,0.8646079853750357,11
235230,26.91414620918276,0.9239120926077078,12
235231,28.47753750907933,0.6065949985243231,2
235232,24.434842756965363,0.9085945463830951,27
235233,20.750813261966652,0.642883127085126,23
235234,25.259202324269804,0.5476050415229585,29
235235,23.85936285265005,0.8360805224973679,27
235236,22.460619984171174,0.98,4
235237,20.86803096247484,0.17580861622875316,7
235238,22.3956081088453,0.6409589726943471,23
235239,22.501370292925657,0.41161382287476134,19
235240,22.83172470674068,0.3817865089058141,7
235241,24.700195963791245,0.42198280979940184,11
235242,18.129107741471977,0.6414012928731879,13
235243,28.248779061372623,0.2712716389961984,6
235244,27.180155319479052,0.6590750001704676,17
235245,28.28034404552581,0.30738176365516756,9
235246,25.535444066444217,0.5965805482263864,17
235247,27.442498964004905,0.1,14
235248,22.239849766865603,0.40926247823441125,24
235249,25.75097862161942,0.10473609652185861,10
235250,24.02271194745545,0.98,24
235251,26.866282697436965,0.20599006712032564,7
235252,23.813437763281843,0.40970674049004996,13
235253,24.58645826982725,0.6925960374259043,5
235254,25.093175719258053,0.1,28
235255,20.934606624106852,0.34102138769517565,18
235256,23.4480518110196,0.3725554852611926,21
235257,24.083901081230294,0.98,16
235258,22.928882418484264,0.26376945033503035,25
235259,29.110082239353,0.6706660444362671,8
235260,25.354840445491455,0.30659536734436443,17
235261,24.688555781613196,0.5895901692139661,5
235262,21.427192972534577,0.10185011982873948,21
235263,24.911468489960733,0.2455075629376247,28
235264,20.93183237225723,0.32885976707089326,27
235265,21.85959763414826,0.98,8
235266,28.447612368022924,0.5200015829420297,16
235267,25.971730110654782,0.2972065861328763,14
235268,27.135310582171524,0.3718316207522524,21
235269,26.637821566287663,0.474052021756291,14
235270,25.76121360893697,0.7381662813613439,15
235271,27.596220305500456,0.1,29
235272,22.71419590536882,0.2298351791021237,3
235273,21.09763815418622,0.8865200029369043,22
235274,26.349464141475238,0.31702507319046214,6
235275,21.60191081474078,0.5049810452137468,22
235276,20.79003950737085,0.24073780470736655,18
235277,27.820786915886977,0.543452321249665,24
235278,23.951087347881053,0.6491257506172694,29
235279,21.213579540347553,0.413440206190331,10
235280,29.625053637016297,0.31918661099004253,3
235281,24.043282140498025,0.25786507763589384,16
235282,30.706159771389114,0.17858943839973396,11
235283,25.5334840832452,0.201460467266179,27
235284,23.363192466427684,0.7726025336643345,14
235285,24.39238729166351,0.8874663933314466,16
235286,30.69245160098833,0.17693341476891145,1
235287,21.428023599754404,0.13653444760494704,20
235288,23.472275750723174,0.98,18
235289,22.042209265028536,0.98,19
235290,25.697283169248653,0.3915967477148075,9
235291,24.645520950484677,0.1,12
235292,27.398315052872057,0.8756560400588724,12
235293,25.4321650300467,0.7092811699169342,20
235294,25.11892301548823,0.9125881323413838,8
235295,21.718620977776737,0.22400807673523943,27
235296,25.378117254838653,0.8524994881482215,26
235297,24.602245704916303,0.4640771131992138,2
235298,21.19531263970466,0.7703144907929056,28
235299,26.20181114860542,0.7439684366796515,17
235300,20.294394549515417,0.677140275537203,11
235301,29.641602291094234,0.1,2
235302,23.175531280724165,0.1,6
235303,24.478595577501405,0.349505330842691,23
235304,27.480410704271666,0.10493832624293947,2
235305,19.03829560743959,0.310487722822057,17
235306,21.768860000138996,0.1,7
235307,23.791424122244457,0.6139953107931886,23
235308,25.283156978509528,0.31801202182266375,27
235309,24.39073721162998,0.49364609351400734,17
235310,23.426410017670815,0.43728038329884944,12
235311,29.322223838764412,0.43149680363819765,6
235312,21.976840143335465,0.1,23
235313,24.31877293300242,0.6856366969053164,28
235314,24.522452757682256,0.1339770249407936,11
235315,24.87782345912409,0.8453770532707257,12
235316,26.16125818931094,0.9517245851730773,5
235317,26.407931050036268,0.98,19
235318,25.67091029786373,0.6003984732765301,28
235319,25.40757340986091,0.98,14
235320,24.74863073661352,0.8916107986741633,22
235321,25.633633349513513,0.18240331324437842,4
235322,27.495525053499804,0.785557123450018,5
235323,23.586254302411067,0.2548565424842127,12
235324,22.83117354715452,0.7434605518638178,23
235325,27.03037569550164,0.1,12
235326,25.381472768077195,0.7795539191898209,1
235327,24.744375827537908,0.1,23
235328,24.865931119812537,0.98,19
235329,25.48105647910822,0.4744330554463104,26
235330,25.675672248248077,0.9445751715248485,9
235331,25.331910953997223,0.3983364456452158,20
235332,26.869834558258734,0.45308791273025084,20
235333,22.401877813372668,0.46861859259025235,6
235334,20.070874607346965,0.3006450707159728,13
235335,23.502810732809795,0.44713402967499877,5
235336,22.152312398553743,0.5687045462117041,7
235337,17.196218975715773,0.8260042906965783,28
235338,22.6916793029104,0.3220510922126686,3
235339,28.38181450937514,0.2911720286936149,2
235340,23.441696538661013,0.12944377262327256,22
235341,22.72874683032359,0.7699595073555119,15
235342,28.235144999970995,0.1,5
235343,22.81620082362692,0.1,18
235344,18.53481207722569,0.30367085290864326,17
235345,26.581885611022674,0.3607624946658914,11
235346,26.13280113486565,0.10108176086089848,18
235347,23.743855793640677,0.2656350633227106,23
235348,23.34269280664887,0.637234493741546,9
235349,24.170400871649544,0.7100030939487253,3
235350,23.933875625177162,0.7976192456973505,21
235351,24.841134680022556,0.638772049535198,24
235352,24.66576877214121,0.5956597669955076,8
235353,25.295485019318303,0.51043773017201,27
235354,28.82983740854881,0.6177794855131026,17
235355,22.560994753230254,0.98,18
235356,23.76502602636639,0.20938609406377,16
235357,29.572621736428104,0.7941539539094159,5
235358,23.438335269998397,0.7035017089090393,3
235359,21.85715798480477,0.1,3
235360,22.254445634751704,0.46244710705515385,21
235361,24.934898518544458,0.8854715693373764,28
235362,24.35572739242783,0.557307540255846,21
235363,22.252362351130646,0.9415416485823058,13
235364,23.669124100959248,0.4073811888609903,3
235365,25.227083392946813,0.710617914792703,21
235366,24.080023853436053,0.6635541698819742,7
235367,24.66925752196675,0.5322633676596401,27
235368,25.16166139244616,0.42469275397384537,17
235369,23.632535616765296,0.8254552550398272,22
235370,26.55943573192015,0.1,5
235371,24.370938177737745,0.5092723361952419,14
235372,27.16066163130053,0.3727198434870491,29
235373,23.997762054082084,0.5025105824375367,28
235374,25.378427135830332,0.7765867078177212,25
235375,24.4363813845603,0.94206221511846,16
235376,25.048144150526976,0.12415423617929483,27
235377,26.988851464693603,0.98,11
235378,23.53955213569954,0.1,14
235379,27.01899042851288,0.782706797423252,26
235380,27.31391714507348,0.23380559819255536,26
235381,24.286781148944346,0.1,28
235382,22.916856045119655,0.18686924594584314,21
235383,30.41344588836133,0.29976709140627517,6
235384,22.924832703537064,0.4763451265431372,16
235385,28.525948208147696,0.4362390158935368,28
235386,24.571384625252126,0.5422844612351201,10
235387,27.13777186726432,0.38571804253969316,16
235388,25.673311611327005,0.98,10
235389,28.79637258081922,0.5979749275217361,19
235390,26.101783075241883,0.7820460123511702,27
235391,28.64821155967902,0.6281233737745675,1
235392,24.89588590119433,0.34942976325554365,2
235393,25.93698762932663,0.5300584079445964,24
235394,20.93946667261437,0.6499603615263315,23
235395,24.06470875573117,0.20456970324733692,13
235396,20.779009314051414,0.3315289498070783,28
235397,26.54191068676969,0.6575130908453808,1
235398,25.75613886287933,0.7318062017615584,15
235399,25.439086086508752,0.28561403357968285,6
235400,21.04537310438553,0.7106511377187192,19
235401,24.982842971134136,0.6410202455995906,6
235402,30.688041789902652,0.1,21
235403,21.89791673973587,0.7694366866367424,1
235404,23.15641327359242,0.1,21
235405,27.70458137219882,0.98,17
235406,24.03615116798376,0.23985341669968202,21
235407,29.67161168491281,0.1,25
235408,26.13767563117889,0.17147086106422632,15
235409,24.599366292551846,0.22645012775638768,9
235410,27.254461035644592,0.40422053421230825,25
235411,25.077300842618197,0.98,25
235412,23.752348911871895,0.54327254690867,28
235413,24.530688259900753,0.4319882982612363,13
235414,27.555054700191477,0.98,20
235415,23.768585226248167,0.6134331588079491,1
235416,28.040220449390915,0.7347112280262877,16
235417,28.18492166549052,0.3423958819905871,5
235418,23.1087043756514,0.4834422829714048,27
235419,22.653802947750947,0.6833377645073885,3
235420,27.372567637750404,0.98,6
235421,24.38839426806946,0.3853923595596108,7
235422,24.018009911297472,0.4790306302575599,1
235423,27.253258190377007,0.4134236629451898,22
235424,24.73095939959871,0.4416842171799791,15
235425,24.269144613262004,0.9511459258853004,8
235426,26.367142322007833,0.1,24
235427,26.034477810330607,0.36009696532173374,26
235428,21.714027502458023,0.352935625801723,24
235429,23.791958586010193,0.6297542204058703,6
235430,24.815992251554757,0.5167232135836057,16
235431,24.119672668469292,0.36578476238355034,6
235432,23.385554036429575,0.98,24
235433,26.113280835802374,0.6216771916670863,12
235434,23.764302018884987,0.40174251398175165,27
235435,24.259426163936375,0.7472307296984162,29
235436,23.630947796626142,0.6496567511830567,27
235437,28.337573761754793,0.7531680169136494,29
235438,29.876043310074824,0.5766849256675899,23
235439,27.808964117826314,0.3681407736055815,5
235440,23.001729704604372,0.7693850258454302,19
235441,21.2248367197639,0.98,25
235442,22.82053759222743,0.4898483552255254,21
235443,23.87197970914095,0.7908375738119753,29
235444,27.119770888096934,0.3648452137722959,2
235445,22.439330792145274,0.1,2
235446,23.58323936779235,0.7681062901062716,2
235447,25.734644315346454,0.8306530519223458,24
235448,25.949434110062512,0.17297936085047588,28
235449,24.07313001242511,0.8449076108532789,24
235450,22.92454934427618,0.36143591849695533,10
235451,27.69769343817474,0.9502103176593533,14
235452,24.43539338945348,0.2911255905481681,10
235453,19.908123062739197,0.44127919534315047,24
235454,25.251476128708244,0.6385613527684667,24
235455,23.03911742350642,0.5532854222857722,27
235456,24.689400098531813,0.222469943306408,10
235457,24.25455278155689,0.6660015631149159,22
235458,16.922090947579004,0.9195583549252152,5
235459,26.226844967971658,0.5392528598752621,27
235460,27.402072369081992,0.98,2
235461,23.337138972451317,0.1,26
235462,25.113479737557807,0.1,16
235463,23.287569603063936,0.9782156555626278,25
235464,24.647621457290978,0.5237934528447514,18
235465,21.968123807443853,0.5266464650517246,16
235466,24.064753381466044,0.5140053828038581,27
235467,27.934354741058144,0.11813626877309641,27
235468,25.039426746767834,0.7978404895127531,21
235469,21.331290308569404,0.98,14
235470,23.533045224077473,0.1,13
235471,17.497873852674406,0.3470513804466938,8
235472,25.24047375998328,0.98,11
235473,23.777316269574538,0.7143319618095769,4
235474,26.132849203694317,0.7365500114907856,10
235475,25.883400332910245,0.7168217961716916,19
235476,29.377358333545224,0.2685478202532414,7
235477,25.654256110900814,0.98,17
235478,26.823315233500423,0.8496684871756509,3
235479,21.526328199610965,0.1,21
235480,27.366241232014808,0.98,14
235481,28.756521956822983,0.968998982484426,25
235482,25.008938971455542,0.9140804580285256,3
235483,21.29691301224986,0.4018396326865953,18
235484,27.111234614715997,0.1,7
235485,27.177937245373563,0.2214165694395453,21
235486,24.315676260514216,0.7498499123524601,18
235487,25.26900415976838,0.7625864170129785,29
235488,24.363222816196387,0.6382156637656441,11
235489,27.297752745772492,0.39165078394107766,11
235490,22.978173730077863,0.38251177762068617,22
235491,23.65282788232431,0.4727749712128047,17
235492,25.282058274552348,0.3921298641944399,9
235493,24.449769607604264,0.569321099300233,17
235494,24.273404968839888,0.6742526982786492,5
235495,25.501231640707385,0.2451025182044811,23
235496,23.31357460343233,0.98,12
235497,24.345939051511372,0.2339031382738253,28
235498,26.489998501244884,0.1100070557324399,7
235499,25.414484964033505,0.98,1
235500,26.51433813150007,0.7973205038911949,15
235501,26.612496714523026,0.41871158059930536,17
235502,23.254761514026775,0.4932770768445892,4
235503,27.678678244450502,0.7717287476492818,9
235504,27.065460919079193,0.9325773393605243,23
235505,22.907236897154206,0.6054519495154866,25
235506,29.54540673665501,0.6482869085825483,19
235507,24.565200089076587,0.587285038667865,2
235508,25.455354929130266,0.98,11
235509,24.584939084951984,0.8345165545992772,26
235510,27.62023470441084,0.98,16
235511,28.269576859439507,0.1,26
235512,25.548426493680303,0.5582093898281054,2
235513,28.920128536983306,0.3592224039846972,29
235514,27.601004338332224,0.5464242072885341,13
235515,26.331016875586776,0.7974900834066476,25
235516,22.783132450198178,0.6987562127435252,16
235517,27.252820939919204,0.7288352108344329,3
235518,28.09883985434925,0.6452048090252147,16
235519,24.430655106366302,0.33705696020190457,29
235520,21.39331011703603,0.5627075395215962,15
235521,25.36762311392545,0.1,5
235522,27.18975869341385,0.2848228769018266,7
235523,19.584830388831428,0.12242214486111563,3
235524,23.007904369500892,0.7741518937016011,27
235525,25.964961971997248,0.1,8
235526,24.08961716121898,0.4955363265760202,23
235527,27.597452664537425,0.4306570384408264,26
235528,28.139553692128356,0.98,18
235529,25.600899947988232,0.5232956033249353,11
235530,23.974727358791295,0.33672024246404786,19
235531,23.8910644491502,0.3414717136708382,16
235532,25.29814148644735,0.1,25
235533,30.88095314382666,0.7028479509245378,15
235534,21.830944325284012,0.268297373190138,2
235535,23.45181322393999,0.4058757635797261,17
235536,22.749923432229444,0.3301311877696447,2
235537,26.077832819749872,0.1,19
235538,28.073366868934702,0.1,8
235539,27.952292055618276,0.8085355202821111,3
235540,27.275580033382944,0.5469341114856285,17
235541,21.880566668604104,0.15843686293025722,29
235542,22.340306925356284,0.8037638624385428,29
235543,21.544945392320745,0.9512475272744227,8
235544,23.81805762241895,0.5313856473088377,7
235545,23.25179931951507,0.8786510931457587,25
235546,29.669488139662782,0.3845083541537617,26
235547,31.33855268440132,0.6970265478194955,11
235548,25.73791068839204,0.4615350529048413,26
235549,24.26815144714501,0.5423625409079964,6
235550,28.892599252682164,0.6090012083436811,12
235551,23.093824649876247,0.42001733952073605,13
235552,21.469146018481993,0.98,7
235553,24.31599371386456,0.42398010513131973,7
235554,21.750566154079344,0.693867182793604,23
235555,25.86710470720683,0.9162532049900238,1
235556,24.855196227615014,0.1,18
235557,25.144067653960096,0.5529158216740242,9
235558,29.38649841873474,0.6910264376826516,16
235559,25.991357740222487,0.49323994215307665,22
235560,26.00255705911459,0.6333579346245145,4
235561,25.996058884234333,0.4880570124905301,15
235562,27.14292244870386,0.1,26
235563,26.93276185989666,0.7996469879183173,25
235564,23.3500583397172,0.98,11
235565,23.586571035339738,0.850122491769999,1
235566,26.728412367930428,0.8974026576330756,19
235567,24.930102316343536,0.8359820040317794,25
235568,23.463900798515052,0.21738514387458024,1
235569,24.94032350044015,0.49211807705197724,10
235570,23.369604968412663,0.6363860775571091,15
235571,27.144460713437493,0.463487643037276,5
235572,24.308441302115426,0.4041326987208179,4
235573,24.223722849776312,0.3986997809557467,26
235574,27.851337055071134,0.5153887066882373,11
235575,22.058595567349595,0.1,19
235576,24.678950043152803,0.7998994607241976,19
235577,28.025170364652112,0.4181796048016103,26
235578,22.250585845949352,0.98,11
235579,22.105101877767616,0.5770320531220047,16
235580,23.04206005575598,0.1,23
235581,28.72078410844483,0.1,8
235582,25.24242112106904,0.5127186812716752,9
235583,21.80647669622274,0.24588680415210096,19
235584,26.090358888559376,0.8190275985209874,9
235585,26.793384281860362,0.1,21
235586,26.320883326501143,0.8692943534869748,2
235587,18.28135783181059,0.56706505778547,7
235588,28.923558281922983,0.6943101986803343,27
235589,24.213689659092207,0.5267223787324341,19
235590,23.766456690602425,0.8151113796421765,15
235591,24.470356000293368,0.2483580263916672,28
235592,26.670291515921996,0.3346319838555584,10
235593,24.55374004251737,0.19549836354638006,16
235594,21.938075600390626,0.1,16
235595,29.18093010899423,0.15043694984958267,10
235596,24.921307607769805,0.1,21
235597,26.59712996841749,0.36620734231676844,9
235598,27.54746046742767,0.4649735755466197,22
235599,24.91828349783168,0.4452439602522157,15
235600,25.355589039201387,0.5847721478435163,28
235601,26.242286854595342,0.98,18
235602,23.864166483522386,0.1,26
235603,27.09930060352934,0.7932731533990376,19
235604,26.938814484310726,0.5260438532634159,25
235605,19.846917035371284,0.1,10
235606,23.726054226925996,0.3017925340476358,21
235607,26.321965484277467,0.6371898626545873,27
235608,27.181567095059506,0.2678927973598554,3
235609,23.445434794313154,0.2069840276080182,9
235610,29.163372805855424,0.45011844316207733,18
235611,24.405192913895903,0.29700969324315396,11
235612,23.76833160907238,0.21962147209939675,25
235613,29.45553932831055,0.2010896138537192,29
235614,28.534532632595656,0.98,21
235615,23.340693343872914,0.98,19
235616,24.714960628839144,0.7596537504167242,2
235617,27.295799134599754,0.45873978604673205,16
235618,22.924926968356374,0.1,10
235619,27.145685092159816,0.8791449776436348,15
235620,24.0270609151876,0.3325714125257608,28
235621,28.984268042438682,0.3425495308833721,10
235622,26.980536071292956,0.3116919610297919,25
235623,23.691579819433112,0.5932507370516602,9
235624,25.522820955732428,0.6337421158996263,18
235625,24.324810592331115,0.20986982627664674,22
235626,21.020447703887626,0.59628309581507,1
235627,28.109293924078887,0.9536369879140758,4
235628,22.270796801716536,0.21707435439220663,26
235629,23.727920474817456,0.12360414841378148,22
235630,26.550971593046693,0.1,20
235631,27.90720379043847,0.4421674698348763,26
235632,26.49371302042196,0.3584139314191658,4
235633,28.44594317584381,0.7333989530321849,6
235634,27.909317592252584,0.98,4
235635,23.946891390775647,0.9445308278616945,11
235636,24.24648573405258,0.903130854449828,25
235637,27.532612651162555,0.5052586140702847,26
235638,25.693347358390657,0.9396684805253133,17
235639,26.8209522943286,0.1,18
235640,27.006727455281297,0.5385143068596125,28
235641,27.087525873799287,0.1,23
235642,24.8488125028606,0.45655788636340694,15
235643,27.016807468536253,0.4940846076695658,2
235644,25.434963932318908,0.3955446421822262,2
235645,24.388495762376568,0.98,15
235646,24.949085804039058,0.5551852774112797,10
235647,25.028875876249117,0.5935920550075462,18
235648,23.907526057391355,0.1421458285310453,27
235649,22.454132937776524,0.1,13
235650,24.62190623721729,0.2134703591112876,25
235651,23.17012070081651,0.18941049185075354,26
235652,23.39957660958536,0.98,12
235653,24.200444788632463,0.34797310756607647,20
235654,25.741344669773444,0.7633036551855061,17
235655,24.940830803206868,0.13941676907299522,23
235656,23.328725919384954,0.98,27
235657,24.92437464867645,0.24659677547320857,21
235658,20.003066948784493,0.6594193303004033,17
235659,24.900926351977507,0.1,17
235660,22.082636105016057,0.1,27
235661,20.12557843127856,0.7589827839792933,22
235662,23.509950988093966,0.5128396142722379,28
235663,26.091913136808216,0.3451885756577023,13
235664,25.146477807327187,0.98,3
235665,31.058092213864864,0.1,1
235666,26.8781589599301,0.17771015158959358,7
235667,26.26156592371632,0.1,20
235668,27.129618277145035,0.4750580441631953,27
235669,26.166094995201085,0.9427372702511552,7
235670,22.52390600706254,0.48193366795650333,26
235671,24.263896255673295,0.43849921001231196,16
235672,28.08439770052168,0.26548325018689806,6
235673,21.820658411388923,0.23139789541226924,27
235674,26.967190518560468,0.475273430118083,5
235675,24.5536781714476,0.9541892264435438,18
235676,20.450107898348335,0.743266426610521,29
235677,26.510237154395675,0.9274640019901756,29
235678,27.063748423714266,0.30371958703601537,21
235679,26.906266767801696,0.23323972817711752,5
235680,26.447814662616125,0.1,16
235681,24.07307001556732,0.9043151267094671,26
235682,24.756731813877092,0.12923325556218368,4
235683,26.10278915891572,0.98,18
235684,21.152486144784188,0.6892629638240486,15
235685,24.84002352777966,0.1620563103387886,19
235686,25.826382004920905,0.1522000836036843,25
235687,23.951030010690662,0.1,12
235688,29.440236665860283,0.501075913414316,16
235689,24.30300514274198,0.5299874717028926,12
235690,20.331324078562936,0.3967615693736328,8
235691,27.983815384476706,0.9381226691268931,27
235692,26.20529652609771,0.2748807997975449,11
235693,22.384592793078486,0.1,13
235694,26.930099491303647,0.24668348455345623,25
235695,24.796299033163596,0.31360247970436,4
235696,25.059484607176262,0.8631464269801512,8
235697,21.18020697276023,0.3162719420836654,10
235698,23.935354480330645,0.6856252972960404,6
235699,24.522127957927147,0.5876083827819976,8
235700,25.824537600738715,0.98,2
235701,21.64316150750892,0.30223953639957524,13
235702,25.224679725780994,0.5727624162293184,15
235703,24.28077144255256,0.9013003004913394,27
235704,20.14972359780428,0.98,20
235705,22.921494420347514,0.2505673059554637,13
235706,26.580996074025098,0.91325069600558,17
235707,26.915518637881874,0.22332035867048233,4
235708,25.440675427321462,0.4148270601285897,17
235709,24.69383252515764,0.517242825938951,15
235710,27.77608035173198,0.1,14
235711,23.1514024159792,0.9072781905713434,29
235712,26.834915796238185,0.1,14
235713,20.198186883824434,0.1,18
235714,23.11492476814461,0.19870918947256866,3
235715,23.009121971700164,0.6344466921896229,2
235716,24.820107426889727,0.6607431732508859,18
235717,26.742361388579848,0.4720707132231826,18
235718,26.038500562511025,0.5526763900679244,16
235719,24.641263992164564,0.98,26
235720,22.70526307835532,0.4120981366238382,17
235721,29.145650336141085,0.5319007508169724,25
235722,28.114514963804513,0.555543074959567,4
235723,28.67394076711233,0.19750542172687519,24
235724,24.951750896018073,0.8218707440728916,21
235725,23.02618188739287,0.39239827439109853,12
235726,22.782556629079505,0.1715271752197211,25
235727,25.70765162051589,0.4352555350187213,4
235728,26.449393802772427,0.5768666873977765,22
235729,26.285528551858107,0.6442350101840834,10
235730,26.442666806077934,0.6424699834131266,21
235731,28.943752217789225,0.845747580999807,23
235732,29.87470574458995,0.6228953983854717,29
235733,23.759688431870593,0.26584665120431933,3
235734,21.671787225214896,0.622445664316712,26
235735,24.58812919063204,0.604660637490943,5
235736,23.24671869809245,0.8371535956477429,24
235737,23.845571156188136,0.9138719142129081,18
235738,21.706428405596185,0.2223090712106558,27
235739,29.908236380926006,0.1526285570797436,20
235740,24.89191820251892,0.98,6
235741,20.137585355133023,0.4188219203262576,26
235742,29.6884820223669,0.1268933531275438,2
235743,26.295946078157883,0.7804320726897185,22
235744,28.58497274779345,0.2512681443817,14
235745,20.86153322764561,0.8589243439963322,23
235746,21.593288884961446,0.7619757634196844,9
235747,23.74437023164517,0.8618941785044258,10
235748,24.24411785140773,0.98,12
235749,24.96599976220836,0.47996437486788734,10
235750,27.820160775608926,0.4634335325255585,2
235751,25.68118168514165,0.562433185632446,4
235752,26.208406273505464,0.5657013743621077,6
235753,27.29941546826018,0.3411230273611773,15
235754,28.433143600629553,0.8953369713407493,2
235755,25.48165730702135,0.5215031336959796,4
235756,25.805246065359167,0.8749861088358204,21
235757,24.395919956821245,0.1,21
235758,26.6629711587366,0.5100756488996762,27
235759,24.60316943575216,0.440727764611003,24
235760,23.713303445628277,0.1,5
235761,23.97640890120712,0.7200619504933756,1
235762,25.093041796220078,0.5102296076370652,8
235763,28.092616978470744,0.5943631460951998,15
235764,23.56504259987495,0.1804623038701016,24
235765,26.221963326372027,0.5309817213013398,18
235766,28.109775360953005,0.1,8
235767,26.054925854141946,0.98,4
235768,26.324212214812427,0.7607295683147814,20
235769,26.7960721751263,0.5107497302078289,12
235770,22.28530249629185,0.7736211645365727,2
235771,24.28998060074517,0.98,2
235772,23.371454456037867,0.475693822262687,27
235773,23.502068441421326,0.15148920943846683,8
235774,27.57945719552398,0.11025991075229896,10
235775,28.274718352391968,0.8452317089358597,16
235776,26.187870627252888,0.7214175804316981,8
235777,26.054311544778038,0.98,6
235778,27.171345299693815,0.1,3
235779,23.14222652146831,0.1,22
235780,22.363077193790375,0.1,17
235781,20.550489369505453,0.5699800955371783,8
235782,30.93427395578519,0.6562815922702244,28
235783,27.43457700854114,0.738253959842349,22
235784,26.843717911078347,0.98,9
235785,22.364739603868404,0.98,7
235786,31.221938798597318,0.39142068159630033,1
235787,23.39544320953329,0.15970493962379517,21
235788,23.38678844952464,0.6449986361819344,3
235789,26.40410737484684,0.41222626260842726,1
235790,30.921484573501548,0.4675283295700912,10
235791,32.45351868760752,0.43024673675095815,13
235792,25.1201538831481,0.1,21
235793,25.636893824460728,0.1,21
235794,22.123970446681355,0.5867761360907866,22
235795,25.02982947023669,0.9168559385951145,7
235796,31.473570001188445,0.98,21
235797,22.510318314444156,0.1,3
235798,17.670016356517877,0.5214098128807851,23
235799,24.689405771864838,0.1,10
235800,27.00020636789464,0.1,1
235801,25.373402252905986,0.1,14
235802,19.72494427972194,0.47846378464340966,8
235803,27.671443989813277,0.5424717492488421,10
235804,20.126822542196393,0.9653909141917876,25
235805,21.983807882476913,0.1,4
235806,20.525061432108636,0.5933274793960526,20
235807,31.06036615144472,0.1,8
235808,24.4799522172953,0.9696245457199082,23
235809,24.244934269801792,0.7989181667012007,16
235810,20.970236070206845,0.2937126908295104,27
235811,26.342595358244605,0.567623465914415,16
235812,30.71398297697059,0.98,8
235813,21.77863096325885,0.638888580359949,25
235814,25.487369808003184,0.1,11
235815,28.50402284264041,0.6591025302418675,12
235816,21.179003929953744,0.6135746864674843,21
235817,26.13796269818685,0.3905260887309115,11
235818,23.255653594635746,0.9046931812270032,7
235819,23.061825269873694,0.7865072976308254,11
235820,20.645722414223094,0.6702028873907729,13
235821,23.778403739415268,0.3637674731252696,8
235822,23.21160968573941,0.7993066215731321,14
235823,21.65374960516999,0.6998789184684227,29
235824,19.244749787034184,0.6314780688470489,22
235825,25.342890934099565,0.9421686280481854,19
235826,19.452543889958854,0.5872985426034038,2
235827,22.782420879514014,0.1,17
235828,24.83877736984829,0.14086417089334768,10
235829,26.839213158930477,0.6665219691421156,21
235830,28.482475012774543,0.1,19
235831,33.764075286861456,0.2584769174217878,21
235832,25.804162249121905,0.5527455457721915,6
235833,25.153997837705454,0.43856942142232075,4
235834,26.29789396190361,0.1,25
235835,27.29048467842771,0.1,27
235836,21.042903460455825,0.5988195417108712,2
235837,21.261605302327148,0.7989031084845194,14
235838,24.331145278982667,0.6114586208578966,26
235839,22.975323016073737,0.11027820901477164,24
235840,25.56046347840136,0.20367254757983566,20
235841,23.779122217436374,0.30750474209770373,21
235842,23.780878696759846,0.98,17
235843,25.489978042591694,0.32313261993122544,29
235844,24.645309873463553,0.26823205999638267,18
235845,20.917917792374464,0.3064059970164342,25
235846,24.8407580171348,0.41968149960157297,19
235847,28.677599776613008,0.15738517650114303,8
235848,26.581761882975194,0.6338445228217283,9
235849,26.038471679243763,0.2142199536586607,25
235850,25.072081948359497,0.38066822895772556,12
235851,20.295608997393018,0.9762375492000691,20
235852,21.59471172781079,0.3663928183152376,14
235853,30.078420479242325,0.4104809822443948,18
235854,22.542481351998497,0.23948635521235273,25
235855,24.169569943288508,0.12347522039654402,22
235856,24.77655990384299,0.416108493449103,24
235857,23.07522243084804,0.12410376259748346,4
235858,22.566508967908486,0.5036336459424686,11
235859,27.338697546958805,0.98,26
235860,25.516194407080647,0.49787323622750884,3
235861,25.567820753550325,0.1,28
235862,20.060999543196782,0.7098698943049239,16
235863,22.029602534583045,0.98,26
235864,25.988912078167203,0.3743441990307277,4
235865,28.911257113675973,0.28495393214173403,7
235866,18.967342983518357,0.2924298262697175,22
235867,26.678863472116532,0.5519204782889525,10
235868,26.575303637396438,0.1,16
235869,29.183511865833076,0.1,13
235870,19.513006915265088,0.5117146345007036,29
235871,25.53055958752347,0.6749760686122929,14
235872,25.561863607883428,0.6937501122437071,23
235873,27.44977293728274,0.1,1
235874,22.762120634281022,0.98,10
235875,21.88449703324337,0.3178550158442479,8
235876,25.259966374417754,0.3429635991834056,17
235877,25.880118872209533,0.37925529820467235,7
235878,20.702519392543465,0.5312711120579356,23
235879,20.390700548988,0.12265338322018293,22
235880,26.345607068126245,0.20576297737968868,3
235881,24.366177919166073,0.10005570552925669,15
235882,27.54047584129409,0.13663440518571374,26
235883,28.01751308729363,0.7478730055198063,13
235884,24.633471553366196,0.25327517359520557,23
235885,27.069656430048962,0.1,9
235886,27.615560848703076,0.9726316617413184,9
235887,25.072000961869136,0.18070752041697025,3
235888,27.344021658888085,0.5121739023487639,1
235889,24.960509759689195,0.4726062522260463,8
235890,26.45388759061791,0.98,21
235891,23.873082531594253,0.98,27
235892,29.170513595310677,0.29299978125446524,22
235893,22.75538849202014,0.6008648147184179,15
235894,25.869060280748798,0.5763456298747247,14
235895,27.0787740567917,0.957168181712988,12
235896,24.873006000847585,0.6773073480591025,10
235897,26.367061278340515,0.98,29
235898,24.575682647767255,0.1,15
235899,25.634418595038593,0.19019938823013915,17
235900,27.43308776933208,0.1,22
235901,24.412517036937995,0.5943224251099248,23
235902,25.03139049024903,0.1,1
235903,25.24330745623954,0.1,14
235904,26.335334239431532,0.1,15
235905,25.85758091374966,0.921870638152603,26
235906,23.218219460496346,0.5008848420847822,21
235907,23.193539281776584,0.18870405795582296,12
235908,24.673979623448197,0.6307313628980875,14
235909,24.51570666249682,0.7950860542735756,3
235910,27.000964573177892,0.360215767651906,24
235911,24.778420715763655,0.1,11
235912,31.49814051110716,0.7696179828846408,9
235913,24.72068731013364,0.8959554628964159,24
235914,22.557393349091885,0.9082671975037985,17
235915,24.02809913637474,0.25978788519585044,24
235916,21.718247540126967,0.23347369372038856,9
235917,28.742624759055424,0.7526466633924755,25
235918,32.78312527220074,0.1918332497400022,14
235919,27.038267779852013,0.1,20
235920,26.791108041798964,0.98,13
235921,25.478379584817517,0.37811852517433175,29
235922,21.269415880453494,0.4443790998970374,19
235923,25.371706622864515,0.1,4
235924,22.462067241001353,0.5793616517488572,19
235925,24.56695404146631,0.21411236799387318,28
235926,22.628227214974764,0.1,26
235927,28.059585483074446,0.98,27
235928,24.948819377774065,0.5507481303047088,26
235929,21.493200979253167,0.23562116011242434,6
235930,22.83929748132058,0.6103189284446717,17
235931,24.35023761178797,0.876064009735118,18
235932,22.451388534094782,0.7723016561134026,1
235933,22.036436645572543,0.41755529268525315,23
235934,24.385599061518494,0.3581133887906175,10
235935,30.931715209432635,0.14707498214302256,9
235936,24.112196149110073,0.6277402941523946,17
235937,26.188406497666776,0.5663597311673247,4
235938,24.67709268694074,0.6916172806264089,13
235939,28.30947779832084,0.316361875962602,17
235940,24.741942863110612,0.98,27
235941,22.524896108938538,0.6563143316530822,15
235942,22.4358683033702,0.3413592797849555,26
235943,23.353153084145344,0.29088313671417576,12
235944,25.738951742886293,0.33653794350746424,24
235945,29.585035586352916,0.5682725710159676,3
235946,27.036194130015275,0.8101897524796342,1
235947,23.268714268092044,0.2494705857313163,3
235948,20.95642591829405,0.21059417495445787,11
235949,25.921652941029667,0.98,3
235950,23.510188200922393,0.3549183241184496,21
235951,26.237181835997703,0.9762181649394897,3
235952,27.64956653524506,0.6653968256957579,19
235953,26.12392592120778,0.3811710438816939,7
235954,26.49720034306432,0.4362780959481028,13
235955,24.83682443018528,0.6898849811827481,4
235956,26.216205042788072,0.1,11
235957,24.295126040256157,0.14599158767297987,19
235958,27.23111369550353,0.7575981067259887,20
235959,22.67767596054084,0.5978443056198035,10
235960,22.923561763859375,0.6550025492634575,4
235961,23.67913887423911,0.43374392985508875,7
235962,25.209056161208895,0.8802053638066076,4
235963,23.44230174784859,0.6660730029534402,19
235964,26.60157146054165,0.1,28
235965,23.667624093331725,0.98,27
235966,27.045789531359908,0.38232656153937256,24
235967,29.082736915141876,0.2970649136590769,2
235968,25.717470750344344,0.7563906884649327,29
235969,26.25798538732075,0.6818075751419502,13
235970,25.48905805829972,0.1,29
235971,28.736148148625297,0.1,2
235972,23.49332238715571,0.26406598532794695,23
235973,24.270683029265044,0.44633643814807566,21
235974,25.27648774613766,0.98,13
235975,22.817053021811994,0.1,26
235976,29.883206596497175,0.580840438706418,25
235977,27.07036270327172,0.4095022155336372,24
235978,23.545931372827837,0.5104517123841407,5
235979,26.63222696507045,0.6016891025945649,22
235980,25.541167807894894,0.9400623463037683,19
235981,30.10559046270839,0.39022266590116295,23
235982,21.56189539502454,0.16996026990438973,24
235983,28.415206730500625,0.7772520487293273,11
235984,27.28208944603424,0.29664986198795174,22
235985,28.11850035474093,0.6639859986364285,7
235986,27.411526380040645,0.8422183102865823,16
235987,30.982758860534094,0.9265397635353015,5
235988,20.981493786064288,0.98,4
235989,25.68017884823079,0.3803664576738198,29
235990,25.3806887349671,0.30526947982985647,19
235991,26.959424065092236,0.5623836949860989,4
235992,21.13997291190843,0.20863493717401116,11
235993,25.940527156461194,0.25950713681342114,4
235994,19.2155345728537,0.98,29
235995,24.387289546078783,0.1,14
235996,20.18123816352925,0.41941593683660516,5
235997,28.17222811796379,0.6802827684019757,20
235998,20.913242388653643,0.2569886107966319,20
235999,27.341626709665523,0.5744273470504273,27
236000,26.573739098577732,0.1,7
236001,20.76560422518152,0.4480287199522875,14
236002,27.999464415072552,0.5093170859883873,12
236003,23.059841170657034,0.1,13
236004,25.221219887112046,0.8545525890068961,8
236005,23.692449073841583,0.6299044593847204,9
236006,28.391382635588407,0.98,14
236007,23.49886410515714,0.1,6
236008,23.162939119667733,0.4559780646006624,12
236009,24.843619444492802,0.45053734786981164,28
236010,23.716410110497087,0.8015933695045941,23
236011,31.473284302372427,0.1,20
236012,23.857114264790678,0.1,29
236013,24.338152156802575,0.2380279449480004,18
236014,25.477281005664167,0.98,28
236015,27.443902702863774,0.674264548095276,22
236016,24.10058980569783,0.5511769296166282,3
236017,22.261249060113684,0.22868586854304507,26
236018,24.96445140373698,0.5943174452501,12
236019,21.963337152695036,0.4327689317839766,12
236020,26.645041967735562,0.38168235276168067,24
236021,26.115495372751674,0.3100132474170878,19
236022,27.701562855429334,0.7230878918975635,26
236023,24.685642882159428,0.1,8
236024,22.594580302062948,0.6906673727222757,2
236025,26.049958646288985,0.2354527826351432,23
236026,25.10541370119844,0.98,16
236027,27.730588045221047,0.26004739043809616,19
236028,23.420948016242424,0.9164861477705338,9
236029,23.53525995616422,0.754259224276851,20
236030,22.739927648983183,0.27750262958537,24
236031,25.882111215142963,0.1,22
236032,24.73799474941219,0.7380856080991124,14
236033,23.328401026356854,0.2884152411761795,24
236034,24.391179674949473,0.1,10
236035,19.38330354073922,0.1,4
236036,25.10465724720699,0.1,24
236037,25.019078461882508,0.3056406613422299,22
236038,26.162245154389392,0.98,27
236039,26.005742372001933,0.1,18
236040,29.936136406967925,0.9313336087332982,21
236041,20.832928072241003,0.5392295057187442,2
236042,23.074336750407095,0.98,19
236043,24.1082407611689,0.41841621561993114,7
236044,23.886066300080365,0.98,22
236045,22.425364394009925,0.28802569293864294,4
236046,31.857414010211595,0.9680327929135069,24
236047,24.15805926108971,0.4613553487143518,14
236048,26.29973769129173,0.42901573233073237,22
236049,26.243862333786545,0.32248768862780514,11
236050,23.099340653108168,0.1,19
236051,25.06794722091953,0.5632380574710503,18
236052,23.685821656500725,0.5528361828372754,20
236053,28.790728449643037,0.2532241907462311,4
236054,29.225959368989123,0.98,16
236055,23.49473783677326,0.8860750833422579,17
236056,22.84194078178728,0.1,4
236057,22.56214403133004,0.12586409167358031,5
236058,20.738455155394465,0.4332026171544631,24
236059,25.859499795943087,0.1,15
236060,27.030623950521274,0.1,19
236061,20.081648405407407,0.765847405205518,27
236062,19.734926878590947,0.510592222448085,6
236063,20.672342393033684,0.1,17
236064,26.556017102895233,0.5025790476954072,20
236065,23.335683842632562,0.9448586492536941,10
236066,26.772474367213402,0.49082489033132914,20
236067,28.42067811411762,0.98,9
236068,23.041280089855086,0.293790640722867,19
236069,20.075024081984065,0.66335577024005,17
236070,27.515877212386833,0.26164331701038257,4
236071,30.380306282737664,0.22148523122686226,9
236072,22.23585597959339,0.6429518647428574,24
236073,27.829856959075023,0.22583936874549582,28
236074,26.41269056001413,0.32970400780424447,19
236075,21.11478569922475,0.43452255377713944,16
236076,26.19353350744529,0.5516000094672099,20
236077,28.244261137087285,0.8844504778737119,22
236078,24.892647206587075,0.7800299925628918,24
236079,26.03635551950192,0.961461913417532,4
236080,26.857694447071694,0.18230957880526572,29
236081,26.51255496326989,0.9685532410120431,16
236082,25.59915728188458,0.9635271643242556,19
236083,27.936067075281226,0.6742068799826694,21
236084,26.431490023225464,0.1,17
236085,25.537234791349775,0.2918189656723324,4
236086,23.803888047850066,0.46454935322040425,2
236087,24.684248049397073,0.6722669581063713,23
236088,25.658154693498233,0.615289737353779,3
236089,23.823159405612916,0.19769603398368096,14
236090,21.65823015368563,0.1,21
236091,27.24223852795795,0.5346239522283566,24
236092,23.92149861534111,0.1,8
236093,24.964794826404447,0.4620087242193891,21
236094,24.970148457841027,0.7914506487695114,25
236095,28.612970616919107,0.47524902665097807,11
236096,26.284308381278475,0.503024307350545,7
236097,24.753769181089755,0.2822342604292988,1
236098,28.44191544085037,0.4070531120450075,22
236099,26.158619548490215,0.4631236201345894,27
236100,24.250178658870727,0.14684442494899608,15
236101,25.767533638961815,0.34017163325253813,4
236102,20.847267902769534,0.7957565392731113,4
236103,30.540315491956633,0.98,22
236104,23.797651228806263,0.8124514584023179,7
236105,28.816611995318336,0.5406784076603691,21
236106,28.391025196745314,0.4712902342684255,17
236107,23.426886055998054,0.6435556885846503,20
236108,25.18260577382079,0.98,25
236109,21.159856177013985,0.427238494393576,7
236110,26.340570527685337,0.9292310382389186,14
236111,24.88238041874235,0.6887206526798212,21
236112,20.458217381372375,0.43410058005336405,16
236113,22.522515839847053,0.12910943589621193,19
236114,27.00488957674728,0.7092324544293724,12
236115,26.53281289399114,0.1,16
236116,22.873994432052886,0.1,24
236117,27.488594166490735,0.6271277344516475,5
236118,31.78819381876209,0.1,3
236119,24.145694913173745,0.98,6
236120,21.802610804105743,0.7235632313797438,12
236121,25.960446816415054,0.31229782476532697,8
236122,25.426667293466103,0.8370843650313797,8
236123,31.464673779535687,0.3568490969997177,1
236124,20.789470876304705,0.36134295927653887,20
236125,25.933235732723347,0.7022395577777906,8
236126,23.893338817862755,0.464749232902957,18
236127,23.154131301614253,0.47913974706666457,1
236128,24.10676342002504,0.19546348701737748,23
236129,28.704583239880655,0.6887083204081386,24
236130,24.394747183709796,0.6310644622759789,12
236131,24.80854576607071,0.15519933267039415,27
236132,28.900971364598256,0.98,1
236133,22.656248086983133,0.646179856772211,1
236134,26.392554405286887,0.14789632060654068,20
236135,31.222520924852535,0.1,3
236136,27.83515421189755,0.68145208187285,2
236137,25.730024503340413,0.7691574463854718,26
236138,24.633752755310162,0.3653968494929971,28
236139,26.514430723153577,0.7127655424270932,26
236140,25.120857653302718,0.22197652951649283,1
236141,24.752131669940646,0.5773061257885822,25
236142,25.03477050515617,0.4205459348920295,26
236143,30.066221156499655,0.5812178500028728,4
236144,20.26959798612667,0.1,1
236145,22.082229686948313,0.969546999423714,29
236146,23.790849427913436,0.8110333405752497,11
236147,25.32743633834898,0.37926368796938154,22
236148,21.497067670563105,0.5936044114436093,6
236149,22.398128566757048,0.98,4
236150,24.98281580006537,0.1,2
236151,21.562442871353216,0.4564750957046756,28
236152,25.940359847687965,0.1,1
236153,23.446882539062376,0.8210766147432589,5
236154,26.233798067147646,0.1,16
236155,25.02372451539845,0.6249466802909031,26
236156,24.864512362646835,0.5495645536346541,2
236157,21.8419969599122,0.1,5
236158,21.513777648173033,0.49996522957812894,14
236159,25.703625071648894,0.1,24
236160,27.03662984848954,0.461943666915949,3
236161,22.67398508191434,0.3737093831776266,1
236162,26.34402043547064,0.2769846366840921,28
236163,28.430719084239083,0.6062883197556613,4
236164,26.03630393069191,0.98,3
236165,24.64295156600663,0.18501895979944427,21
236166,27.4120484770077,0.24536701439597924,23
236167,24.40955522560206,0.534572208218626,5
236168,27.56331945705656,0.40639752790576833,16
236169,22.740946567131015,0.1,24
236170,23.59231099363076,0.37862577359618826,26
236171,23.93031222110339,0.3301601309475968,14
236172,23.851812385394602,0.18979933802007004,3
236173,25.357006812944483,0.2527712653618421,13
236174,30.623560989713827,0.7341337733459257,24
236175,19.826729101942995,0.5565900412020516,4
236176,27.160817937364012,0.3946962260017896,5
236177,26.95644301688816,0.46198770192461364,10
236178,24.841675887037052,0.22945699025331595,27
236179,24.679298054476543,0.305183136508373,13
236180,22.515098395882237,0.1,12
236181,29.784894460652996,0.1,6
236182,30.709800070077566,0.6099968555797158,1
236183,28.031534549052253,0.1,8
236184,27.554855324022878,0.26803640675979234,13
236185,27.811695600159776,0.47462386651169935,19
236186,23.720464005016034,0.5472342647798585,22
236187,24.356340211248106,0.1,7
236188,24.538601553114084,0.34690647126402707,27
236189,26.807495525332026,0.16105373454780153,8
236190,23.78288581683637,0.6542093598748027,27
236191,27.218069938366515,0.6989969633204558,21
236192,22.521412623506418,0.3872927587496556,23
236193,24.999112601340098,0.7279249011669281,3
236194,31.154243701590648,0.7886944634147404,22
236195,24.601081344804445,0.45223154973672863,22
236196,30.657385114616183,0.18327331675110875,28
236197,25.626825335028624,0.4556190476704667,20
236198,23.330616593608365,0.1,25
236199,24.31687130224351,0.8038298822506674,15
236200,22.346536963755344,0.6864562576858546,16
236201,23.526440189197107,0.29184411682047007,14
236202,23.984349516427574,0.9101015887593102,4
236203,23.717959746853985,0.5822689565765592,24
236204,21.478483764684594,0.6052027389805498,24
236205,23.34188578977127,0.8148549318750138,22
236206,22.63285740385208,0.6403640983411942,16
236207,26.347434315847423,0.5753894437935082,20
236208,25.76406141769834,0.2995252768076332,8
236209,23.434621808524795,0.46310160922319554,20
236210,22.502751689420087,0.40855116652954077,24
236211,23.490932644434682,0.36632501911692256,7
236212,23.863955246414935,0.8121491165086523,16
236213,22.791078708960132,0.1,5
236214,25.67649383779079,0.7153811472825726,16
236215,27.10572483291343,0.3361331535822324,13
236216,29.629070466272083,0.5160664582862711,26
236217,23.79171850693189,0.5896053693415267,10
236218,27.550622959424516,0.15851848865643914,10
236219,26.582677659520698,0.6533653377354276,2
236220,29.030732512305015,0.2901535323317921,22
236221,24.54457875050138,0.31641214188919436,17
236222,28.163334508215218,0.6480983317937141,4
236223,25.72866725059345,0.893638140494041,29
236224,26.813129868352576,0.29734109242734463,15
236225,27.35956804241308,0.5437877979344808,29
236226,19.635488635690635,0.23381344354314743,24
236227,22.373652215468226,0.19200419605583974,1
236228,29.286998938089702,0.98,15
236229,23.671485049539267,0.8364217901181761,4
236230,24.248395658591775,0.5366992238792622,24
236231,25.98709783036795,0.40078111879212003,29
236232,25.582955657423053,0.39502183630671306,10
236233,23.72722785211661,0.5882613040254994,1
236234,26.924779683681205,0.20932113773828676,11
236235,18.701420141649187,0.14658794893588062,15
236236,22.604192455787835,0.5204475634805052,7
236237,20.864885679447106,0.8006655923830575,11
236238,24.413457032944404,0.43020655093233373,10
236239,26.11987229689126,0.98,9
236240,25.435014156155617,0.11709551149869724,10
236241,22.870473179176585,0.188448693859799,19
236242,23.95510597816049,0.1,4
236243,24.208660028605248,0.6489690887297345,6
236244,26.697425343317033,0.1186576288997584,12
236245,24.917077732991437,0.9662415872114227,5
236246,22.85371945695851,0.1969911231501993,7
236247,23.895392982211575,0.37304175982135396,7
236248,28.888748163947106,0.1,7
236249,26.51307950953065,0.8780946960639514,13
236250,27.400597142392353,0.8847357844703588,28
236251,23.82674513081997,0.98,21
236252,25.05543429656531,0.8906982357465404,2
236253,23.72296788211777,0.1,14
236254,23.065386233224416,0.1,23
236255,28.763329936795586,0.35769237927020237,11
236256,27.100041312857762,0.9697866405622195,23
236257,23.54365205148197,0.8838159576649227,17
236258,20.016018633304725,0.8398614457223039,26
236259,20.91957277324549,0.4974043717022632,21
236260,27.619616903526392,0.8271623612546376,23
236261,27.20065957735834,0.3848660073588702,17
236262,25.350036159794318,0.37382328855312263,5
236263,26.814774718546087,0.6580272541976497,3
236264,28.255060105383045,0.785030088535819,23
236265,26.743090373467773,0.1,10
236266,27.953295320623774,0.98,2
236267,23.58782947224278,0.98,20
236268,27.49193679857498,0.98,9
236269,29.482523689643394,0.1,14
236270,26.86277081890644,0.8960075526646372,6
236271,25.151538678277657,0.6733373007249649,4
236272,25.219808416600934,0.1,14
236273,22.49962547419787,0.98,15
236274,27.06501439736591,0.888644437355952,23
236275,26.26614714849471,0.6750139763408995,5
236276,28.98893789877793,0.5581035344871144,8
236277,24.9912796267584,0.4026121704129116,21
236278,24.81116148856217,0.24485863309256856,24
236279,23.019707161674383,0.1,29
236280,26.16694555530833,0.4594454521393246,25
236281,26.18980348984263,0.1,21
236282,23.9690562370295,0.2891917795213167,4
236283,25.295307673822986,0.24897616376527754,10
236284,24.538866329258862,0.9709552010558251,26
236285,24.728491172301556,0.22269319474460908,21
236286,23.2681234095053,0.420738241832386,18
236287,25.611981728740425,0.8245957827599733,24
236288,23.804889852790456,0.8661027821622906,13
236289,20.442841556697935,0.8955083316158075,18
236290,25.13438468157836,0.12581736860478232,19
236291,26.154911425021492,0.29509595822571877,1
236292,29.17694976942052,0.5686810076198967,5
236293,25.52657726469547,0.6928866148264958,12
236294,22.772133184737733,0.312698327527469,29
236295,25.66402560682291,0.98,4
236296,22.926957435553796,0.6390294247560602,19
236297,24.765776455166417,0.18475835299053028,14
236298,26.125891752587467,0.33371670424680666,27
236299,29.93045425469401,0.5990347206011407,5
236300,24.77198833658562,0.7528204463958024,17
236301,23.414413367294678,0.1,18
236302,24.271832570753798,0.6650058878735734,3
236303,25.877907364410653,0.1,15
236304,27.206050783147177,0.3821352553221185,7
236305,25.60834498402034,0.4512516602093317,13
236306,27.093370985483517,0.5572489684526876,3
236307,21.598643931119657,0.4461240058925771,24
236308,27.114643241370437,0.7657998431758826,28
236309,23.10836409377292,0.386333656493929,2
236310,26.117647924336126,0.21562319025001958,24
236311,26.6417326188619,0.331152217998383,23
236312,20.181868701172395,0.1069057998693263,14
236313,26.158786191410794,0.1,3
236314,27.402517283943446,0.1,5
236315,30.290275048809285,0.10397250798589985,7
236316,27.016732217009785,0.3610949702938785,1
236317,23.683497750845557,0.4307708332849553,7
236318,25.35916150921976,0.5823583943798922,24
236319,24.574322890483792,0.3946680469013516,2
236320,22.774362646047905,0.1650695983170502,22
236321,26.98519017119969,0.6208867932722266,27
236322,22.023584707724034,0.1,5
236323,28.119487490200406,0.1,7
236324,24.173221674770232,0.1,19
236325,23.775633975560776,0.39995370990284174,1
236326,29.237427092231627,0.4233941555769509,6
236327,25.184342389368815,0.98,29
236328,25.43439255541866,0.5279096493806611,5
236329,23.042412264530824,0.98,25
236330,22.66568652556193,0.4693367701646323,25
236331,23.40540061185121,0.7644535922656701,2
236332,20.4911006645349,0.30456463638179443,5
236333,20.87301472912516,0.98,14
236334,22.119521451658972,0.2858899800945043,18
236335,23.67059156832781,0.3319400953318461,1
236336,24.419582618471388,0.6549306128496583,6
236337,25.32167224021892,0.6599608017775198,9
236338,24.517259117666644,0.5999751925913672,24
236339,29.091973637599168,0.444788177770576,1
236340,22.55832301439737,0.25053026852454546,7
236341,24.124575095080672,0.98,14
236342,23.330453685947692,0.31668359022660497,10
236343,28.893496236367255,0.6461787160986943,19
236344,25.476494315401712,0.1,22
236345,28.608115430323537,0.9599372686029766,21
236346,20.86071358505875,0.98,5
236347,21.956422877290684,0.1,4
236348,26.03030548473003,0.26949934495596206,25
236349,26.916121861694702,0.9529528019324613,22
236350,29.13503123029647,0.46341230947704276,8
236351,22.934857603153635,0.8143745341973434,25
236352,23.57032691321611,0.9134738852358972,15
236353,22.854117277474803,0.5994599896684041,29
236354,24.982791586308668,0.3786514600442553,25
236355,22.723792242631248,0.8410905364791024,27
236356,24.361453903198488,0.1,4
236357,25.633138319201066,0.1,17
236358,21.71686240007324,0.19073168856021072,22
236359,27.07908662907855,0.98,16
236360,22.571625027092242,0.2188069875203436,15
236361,26.017925677407096,0.17275896684024267,20
236362,27.0061246411778,0.7579186978811929,3
236363,28.316305954946237,0.5111655729985735,5
236364,27.136190768753767,0.5527462121925688,9
236365,22.09020912754728,0.5507239230867962,5
236366,25.640260652070072,0.9441528565726924,23
236367,26.415528164214845,0.5869346425185183,20
236368,24.329567281351224,0.1,22
236369,26.722095728588634,0.6444684962660727,27
236370,27.587131751081735,0.4176279311379316,18
236371,26.156877026324796,0.9707802869820743,12
236372,24.390260296325224,0.21286076602080423,17
236373,24.84688070601774,0.6268059298404351,12
236374,21.442398741610408,0.32776506829721763,18
236375,27.49260842089057,0.8309861579385556,10
236376,28.907117631748417,0.98,22
236377,29.242148709592605,0.5833955848218174,14
236378,27.184250106567962,0.5593518353341984,18
236379,25.58581999253236,0.1,3
236380,22.13398873481378,0.6387797023328413,5
236381,26.64033005833501,0.7498381158139826,7
236382,28.460318064212572,0.98,1
236383,24.16416907139885,0.1,24
236384,23.076617268596973,0.33737904021424914,11
236385,23.968337160815686,0.5513502532256617,22
236386,22.94268913970574,0.1944014599898553,29
236387,24.05569017908263,0.1,24
236388,28.353177403028848,0.6310356938866798,22
236389,22.496723746613128,0.98,27
236390,22.076075771349878,0.98,11
236391,23.154210109089316,0.951093243331279,8
236392,27.829034078113175,0.5091322354415675,8
236393,23.294960634875018,0.8837167614094602,16
236394,26.143983248215118,0.5391122262953482,24
236395,27.330988346046198,0.5502527185340295,6
236396,28.00265652966789,0.3954400372036667,9
236397,25.85021098416149,0.5655897197486364,16
236398,22.47465509978244,0.5625755711956205,24
236399,21.456147443028375,0.6304985281885689,1
236400,27.31742107883445,0.98,15
236401,23.746376683399646,0.2456323127546775,5
236402,23.286932139526407,0.33947576477114205,24
236403,22.610112196510826,0.7389032822849446,19
236404,24.07045939597643,0.6333510983388944,8
236405,28.70412433754769,0.1498993251327691,10
236406,24.97429267312354,0.4141027111852648,13
236407,25.690482186804815,0.1,25
236408,25.21921380116056,0.5872748664164782,11
236409,24.897896002585274,0.7845557599817604,19
236410,27.311248101989502,0.1,21
236411,27.108340804933725,0.6959312410941353,5
236412,20.938886952035716,0.1,26
236413,24.94829243207133,0.7869541399390856,22
236414,20.20063657767909,0.762611266493056,20
236415,28.36418528028173,0.1,11
236416,28.222253983700192,0.3389861225080092,23
236417,24.817779859627297,0.8713348262943839,2
236418,19.990510700683593,0.3092691420045731,9
236419,25.05273088885754,0.8820485976619763,12
236420,25.70236907128036,0.98,10
236421,30.615613690485947,0.42686340932612155,18
236422,21.190090726908963,0.6112423607177013,11
236423,26.996413398597017,0.1931776724272214,27
236424,25.502199425904706,0.5394329106841342,29
236425,24.22564943591486,0.4017469745823685,28
236426,26.747330135752016,0.4613665733922571,1
236427,23.853506838625417,0.31795685908847804,3
236428,26.42027352895764,0.5082968748377149,1
236429,27.497586025812524,0.6862351892970042,6
236430,25.373330946582932,0.512300245997423,23
236431,22.292955375160588,0.31718545077938,23
236432,19.859791892001933,0.20729816439260024,10
236433,23.593930838837327,0.29023485879741295,5
236434,26.093499762947904,0.98,12
236435,24.415712965567845,0.888730476459044,7
236436,22.129087545991624,0.6736598403335132,9
236437,24.14216843566365,0.15125129156164202,26
236438,27.564831261054778,0.6528993096703068,7
236439,24.741001415147274,0.8952637656793987,26
236440,24.280298141438493,0.49437191046297835,21
236441,27.365061743034666,0.1,9
236442,23.607193059612467,0.19381813105826273,24
236443,23.494785275461535,0.9474283243680287,16
236444,24.903428004804905,0.1,2
236445,24.774050620420766,0.564070136473775,4
236446,27.816018946890466,0.8221381106248915,20
236447,27.588804000845705,0.1,16
236448,28.863874320107765,0.8042675070828267,24
236449,24.30578134818334,0.3942260566387207,9
236450,26.79119299907705,0.8488255275976228,14
236451,25.416891363363295,0.4041018901817068,25
236452,23.25130174920293,0.4810462932730848,2
236453,21.866868572142494,0.7906637565105765,16
236454,23.878996972869714,0.5639571633388797,19
236455,29.433294590337148,0.5455535768986055,27
236456,26.450778833516168,0.98,5
236457,22.325380536780784,0.4209386812898964,8
236458,22.94550518894505,0.5690165636198993,8
236459,24.731259834287144,0.5142150849871965,13
236460,26.12053815554537,0.37134592752497286,25
236461,27.058401075245506,0.98,2
236462,26.245972003975027,0.502826687427711,15
236463,25.851775565245433,0.46248020956177277,26
236464,26.65101426280683,0.1,10
236465,24.256485499427427,0.4251546163245964,13
236466,28.417886896513558,0.4059169668835161,27
236467,22.922514941841413,0.1,4
236468,22.45569523781246,0.9290397717149614,27
236469,22.548317833334444,0.5773922536210979,20
236470,24.46958458660284,0.33925202809402855,29
236471,24.083923932852905,0.7828048622137145,15
236472,27.595370564134278,0.5750217325336404,7
236473,28.779962574752776,0.1247683360938951,13
236474,25.45980991063297,0.9382749707589154,11
236475,31.603106725636867,0.98,14
236476,26.989924809298877,0.27633286622423536,15
236477,24.34195996536458,0.6824921894366057,1
236478,24.235258111845873,0.28254951263248296,8
236479,21.955816991907,0.374034586573487,19
236480,25.338944818004748,0.19255413636235374,21
236481,22.183155314677023,0.5028773074616174,22
236482,22.70770968584016,0.1,15
236483,23.25628241329219,0.1,3
236484,27.11504094354221,0.3926421349512642,10
236485,23.38891384300928,0.3880222508948268,11
236486,28.383045081375396,0.1016189661679674,23
236487,26.049208286554155,0.3541230901168154,7
236488,28.83581714930353,0.8783655435228477,12
236489,23.89191813956268,0.4859623349315534,3
236490,20.367456544365282,0.1,3
236491,25.97269751077952,0.2323062202237567,26
236492,24.53484871789719,0.6379210383372338,11
236493,22.823962267267436,0.6590500745524391,15
236494,27.54408088127894,0.98,12
236495,22.74827407297149,0.11766081112269389,26
236496,27.519094541969157,0.26554850733384483,5
236497,25.292562487155298,0.4688800339571858,17
236498,27.665470695797836,0.3341308405233734,12
236499,22.197967220431657,0.5015544221341102,2
236500,28.292453097397967,0.6425081703929766,15
236501,26.61594941065225,0.98,29
236502,22.740148835993896,0.35272665064895825,4
236503,27.63987879649358,0.5340640267386602,17
236504,25.584236759310095,0.98,20
236505,20.22084288091983,0.22715477859461003,17
236506,26.098611177261443,0.1,4
236507,25.59581872851034,0.6309359422682931,8
236508,24.784169214854177,0.907134133139543,27
236509,22.429508955573986,0.7371422581574665,8
236510,25.18342319571345,0.21818523318700306,13
236511,28.033131270387702,0.5670280902729843,2
236512,28.495276760986542,0.6307750185042102,2
236513,28.640237048503813,0.47760139111238886,21
236514,28.11456617146547,0.26116327691882624,21
236515,23.782425013260763,0.5929599419114071,21
236516,21.217257897039026,0.3476771540201864,17
236517,22.310265503614062,0.8969727373206388,24
236518,27.33097947624208,0.6730858206816679,16
236519,27.258410663525567,0.46633488459658656,18
236520,24.060479374997733,0.1,7
236521,26.150420004243117,0.8834056292193436,1
236522,21.776305163079382,0.1,9
236523,22.54688196420841,0.5791899550223175,25
236524,24.46663106544801,0.5978893211634734,1
236525,23.612122807943052,0.9322014539080513,6
236526,28.439554029350294,0.1361950924143009,20
236527,22.927655429689032,0.49626801207602406,13
236528,20.877162266828684,0.1,17
236529,25.526288102353913,0.36010970143315946,3
236530,23.283473607550306,0.1,3
311111,33.457091780069995,0.3489059181146294,22
311112,34.5855684794685,0.42642100460461196,13
311113,33.37581670756942,0.35516421829913924,29
311114,33.29555885564837,0.169670179427529,15
311115,34.8905643898878,0.7899164241898806,13
311116,36.909199098615915,0.5766347318865324,16
311117,32.95281198742246,0.45908313073746254,6
311118,33.67008613391765,0.3657344822467665,2
311119,33.579384817845124,0.74772281544859,12
311120,33.71765523617313,0.98,17
311121,32.09782513307588,0.226811957220466,9
311122,35.08353391961954,0.2532442645692799,6
311123,32.959374959420764,0.24743045428141552,25
311124,33.85534492845229,0.1,21
311125,33.34304206446108,0.5393117225478629,4
311126,34.67538050431187,0.9253225388550628,12
311127,34.8954636909239,0.12181373959113834,20
311128,36.96241696599301,0.19436569680442822,4
311129,34.67480011522495,0.236205132723601,7
311130,32.893861988242406,0.8958184644470888,28
311131,32.710944748520944,0.7353370469402777,1
311132,35.53435174442355,0.98,11
311133,36.69865071347156,0.6145743846536644,27
311134,35.19387015406183,0.12385989201449371,4
311135,34.906404628002505,0.27982949589198136,16
311136,36.88548745555142,0.49849747588829907,27
311137,36.60492420301348,0.5360635699124098,15
311138,35.04460845982963,0.712594743939889,2
311139,34.502040848467324,0.8817280780846832,13
311140,35.99603737903594,0.9333099971045737,10
