Enrollment_No,Income,Debt,Prev_1_Year_Expenditure,Prev_2_Year_Expenditure
234561,61926,774706,865062,1688542
234562,51324,957315,228299,735520
234563,51407,945820,312342,1563222
234564,85643,754354,951869,704616
234565,51853,780184,444269,812231
234566,77592,77585,351714,946964
234567,89195,345668,548487,1465182
234568,79445,761458,222697,884171
234569,67378,696724,753911,1842196
234570,77813,518867,865880,896884
234571,61863,388781,849689,1516098
234572,81532,99633,235712,862542
234573,51511,987396,490734,1098029
234574,69104,916693,703475,1232169
234575,69824,742281,993316,445115
234576,78245,2708,370215,854536
234577,54661,302350,926385,744281
234578,68668,994778,1017065,1249206
234579,61926,665206,686933,1925909
234580,69388,750318,810063,754343
234581,85589,266906,886985,1398426
234582,51379,760677,202539,1577315
234583,75933,852245,312109,1368131
234584,86111,199224,376524,882010
234585,65457,248125,970895,1045750
234586,64767,862487,810051,1676978
234587,85510,33186,648944,1232493
234588,54157,224071,1068683,1827512
234589,89160,135349,251558,1282549
234590,64399,844767,907781,444600
234591,86567,994552,283546,1751596
234592,57273,848563,493446,551877
234593,82795,901856,925570,400118
234594,67540,225913,419559,411354
234595,64534,666296,512510,1810012
234596,54867,326360,870522,1289901
234597,56133,334590,609896,1642027
234598,82699,647043,1056522,1063763
234599,89089,879483,479931,1869709
234600,54787,285735,516349,1439554
234601,60479,93296,377947,1358823
234602,87052,317973,317027,1571291
234603,78859,243956,694334,996436
234604,52786,627467,877982,841962
234605,86994,761871,765701,1732865
234606,86484,348466,848889,632560
234607,61457,573386,990634,851951
234608,55549,329813,648846,939640
234609,52835,669550,1002992,1415160
234610,74230,299860,922407,1794228
234611,53152,602590,260679,1676447
234612,65700,393231,602990,1438568
234613,81588,739427,389714,1434143
234614,72553,575380,1043510,1968477
234615,74286,748160,596994,1799016
234616,57453,448394,360681,1871086
234617,51917,834766,923512,1859191
234618,64065,180838,742510,434472
234619,51438,714763,762898,1081265
234620,83094,426329,806106,902209
234621,69250,980698,501089,913495
234622,88811,267906,945950,1692878
234623,54841,308007,459547,1478067
234624,72481,691259,597282,1598491
234625,52379,823776,320278,788883
234626,64654,635621,1049869,1164732
234627,70153,18604,367879,1706688
234628,82326,277678,454180,706139
234629,52513,466185,933517,1010665
234630,87515,639878,981108,656041
234631,87791,660684,478352,1616970
234632,78418,984963,259043,438535
234633,83468,596954,328699,1752029
234634,65733,107422,992110,1773514
234635,52215,143993,431882,420933
234636,70620,263390,999969,1768299
234637,62041,848060,229999,1304176
234638,63002,805088,464883,1292662
234639,75564,965211,233745,681968
234640,69898,391380,865411,1328160
234641,78248,435398,956458,1404216
234642,65108,15338,845871,1866679
234643,83988,756391,307870,721585
234644,52418,945647,971875,1716492
234645,77853,468519,443100,1319764
234646,67268,419606,786078,683059
234647,56102,555517,250737,1550910
234648,50288,852336,353523,1422799
234649,89877,436031,496214,1909305
234650,82799,980741,597194,840907
234651,79158,836900,768067,879439
234652,63625,840685,436721,1618122
234653,70197,370599,729618,1187089
234654,50040,579320,719440,627780
234655,64611,981095,284183,1352251
234656,78167,238804,793550,1914477
234657,65279,559616,549811,1659169
234658,56857,237425,816466,1311082
234659,73824,925119,893118,1545689
234660,68629,279217,367391,563461
234661,51656,546012,674423,1873860
234662,56904,86140,358053,1552081
234663,81742,268913,997342,976481
234664,74705,741399,612199,577329
234665,82859,178452,774076,999611
234666,76668,396860,436574,1674371
234667,88069,851390,961428,1413553
234668,79342,293699,842293,1060273
234669,86266,157941,761443,1848418
234670,80933,218345,667311,1872716
234671,84291,539025,292137,1695637
234672,72818,481583,914348,626508
234673,89735,761291,490694,821784
234674,71979,176016,630399,1505644
234675,56613,604639,738054,1475031
234676,72430,885999,205522,1770665
234677,89921,265640,873991,630768
234678,55593,403106,811068,1819489
234679,66767,86021,203394,1031804
234680,61737,630430,209383,401395
234681,56205,113477,1022398,1600717
234682,65714,89589,996224,999020
234683,52721,441349,223318,1376507
234684,77823,456399,594835,1997545
234685,84581,897027,803247,1670887
234686,69335,661540,464877,443118
234687,51398,449097,661762,1272204
234688,63370,528951,589663,1399901
234689,74234,745757,769120,1053854
234690,57964,374463,470358,1285944
234691,78914,677429,688718,698680
234692,86317,871651,669455,717774
234693,88283,308886,691036,1128802
234694,78776,324714,950968,1024118
234695,64476,261425,769121,1617215
234696,52663,547434,452784,1729059
234697,76961,427640,495986,1641009
234698,53657,818534,434638,1804922
234699,74325,280290,678744,814763
234700,50879,964515,591818,1802002
234701,68748,108820,951089,1754612
234702,76754,273840,972250,1719211
234703,68361,256700,790934,662587
234704,74642,159990,852133,1737522
234705,75576,948129,1015577,571905
234706,50538,723278,294461,1598631
234707,70112,652602,224170,724567
234708,63138,166692,612041,1687416
234709,58684,962505,307345,1366243
234710,55413,761017,672422,874575
234711,80114,103489,436979,1505580
234712,80150,428063,595320,1966462
234713,51983,198478,658086,1878961
234714,56332,640163,480422,1409903
234715,51324,219922,755605,707750
234716,50745,538550,643096,1200263
234717,71291,203738,343878,1777677
234718,75069,33160,610628,733844
234719,70478,900955,396327,954545
234720,51076,161244,1037380,941843
234721,83367,832995,395282,1932548
234722,79228,983030,589460,1924921
234723,88113,2315,662918,671746
234724,56230,984749,551982,496767
234725,85434,876897,245793,422730
234726,84188,262155,928764,1609948
234727,86806,983196,336148,1926038
234728,78608,998403,549247,1925526
234729,72877,653972,507313,1795945
234730,78544,450888,515673,645330
234731,61368,960584,797500,918517
234732,75601,153432,576978,447683
234733,78277,38317,309164,814517
234734,54403,829816,880448,1892791
234735,66479,441864,353556,1271377
234736,53783,778845,525766,438734
234737,58696,384713,283784,1114542
234738,75020,362330,741101,1629409
234739,83651,380300,428245,1604925
234740,75727,34516,1016114,405910
234741,75872,380419,1004649,565668
234742,76374,874539,702957,1993470
234743,78046,928348,656342,1005511
234744,85580,573488,797653,1090352
234745,73789,568993,264929,1339926
234746,53630,659247,412868,1132508
234747,72389,615338,427174,1378271
234748,80724,280556,913853,638725
234749,80758,893295,713988,1754026
234750,72798,545261,213170,1933093
234751,62181,567958,706387,1105903
234752,72900,617956,265653,1719289
234753,78267,862151,708630,1386087
234754,72139,694138,955549,648747
234755,87592,487992,317190,404749
234756,86421,559109,968462,1490553
234757,60069,505817,476920,1127163
234758,89448,986931,404801,1607065
234759,68374,98652,479684,1561660
234760,80919,526985,878574,1866489
234761,69342,786065,730959,671376
234762,61175,107000,369212,974745
234763,72479,237299,543813,1471110
234764,71396,545390,521246,1831088
234765,58503,239439,716492,590738
234766,51306,363031,1075552,653436
234767,71568,937981,1001084,941542
234768,59183,444042,574689,1912042
234769,79307,610485,961571,576079
234770,74721,753014,208187,512527
234771,58190,244,215727,1909749
234772,75804,295439,903964,1291161
234773,86865,283722,761375,643052
234774,68721,390177,521787,492861
234775,58805,970076,921847,1796018
234776,55502,834145,802085,1193428
234777,83644,918430,678298,948504
234778,87095,304262,483669,1472977
234779,50561,1839,725913,1894929
234780,64023,199703,941901,978491
234781,78705,417331,625816,1287681
234782,57137,890918,322516,1397359
234783,72507,86794,969379,546522
234784,58913,566897,440839,1005474
234785,55649,596948,227137,1370269
234786,73093,821026,1027530,1252597
234787,64967,318373,1043882,809510
234788,73086,976758,1019750,1834588
234789,80480,651159,713094,1010110
234790,70962,156988,272623,666315
234791,58071,507662,343659,530150
234792,67637,23429,980314,1625469
234793,52990,830801,375451,957703
234794,71345,952225,987053,1312871
234795,61064,658602,806219,1999975
234796,79834,873545,867481,687874
234797,87236,121956,1078563,1868271
234798,61480,394344,326817,1301290
234799,59154,674324,436715,1467736
234800,83864,396998,921441,874635
234801,65219,634153,720074,1066888
234802,89925,490972,510578,1629302
234803,83547,111214,347239,1482131
234804,54794,859454,1023780,798148
234805,61064,511681,740516,1451461
234806,55685,953588,547285,1931877
234807,79101,491303,901673,1768914
234808,86426,152465,638637,516126
234809,67184,489782,1047985,1611274
234810,61357,566327,934720,622823
234811,50479,652877,1003582,556353
234812,89424,974439,262522,1761042
234813,84754,57423,682804,1839954
234814,71848,893356,1009289,1192250
234815,65263,552427,384358,1494793
234816,69278,384706,903741,752361
234817,65081,96912,247205,1947821
234818,65808,67292,813418,1557873
234819,80494,155298,640703,1553477
234820,58004,339846,303278,1650896
234821,66615,869851,682269,1308929
234822,73092,498092,711034,1637275
234823,81187,144027,450681,1413630
234824,68098,985221,409262,1565178
234825,71151,26282,896547,525932
234826,61980,994421,538021,1228772
234827,50903,499896,770154,736722
234828,76578,847232,741691,1246418
234829,58457,620840,757048,667188
234830,59404,278550,389681,1875462
234831,82749,843286,339854,1537881
234832,65260,207869,1061916,802479
234833,66202,147684,707438,1413555
234834,69673,680559,796185,1091887
234835,73217,193125,480514,1029413
234836,74371,738945,387591,1934519
234837,58633,64381,480514,412478
234838,53506,136326,411782,1288528
234839,54299,723059,254234,1935370
234840,70448,450949,872620,515454
234841,56499,993093,711335,993708
234842,58518,483321,292522,832183
234843,58535,19399,893714,1829650
234844,52878,353148,281167,1726531
234845,59519,884804,830565,1298030
234846,64478,624188,1050011,1068193
234847,69513,653426,555317,1945761
234848,80161,906554,443017,1418443
234849,71650,888007,693760,968556
234850,78849,41394,360356,1046332
234851,82482,169775,823818,818190
234852,88408,82490,688508,782163
234853,77283,130972,278233,1749031
234854,55479,628376,330246,1268784
234855,76649,815912,1042395,1688788
234856,84142,595661,913438,1500153
234857,77844,931991,477683,681207
234858,53425,191505,718421,1476019
234859,83053,812192,404407,1440772
234860,60882,588355,501148,1310191
234861,64433,829803,1067923,1698689
234862,79194,618249,1070400,594560
234863,67719,540401,643532,1743047
234864,51541,593862,1075804,1290364
234865,72713,248066,988639,1005791
234866,89408,593677,957804,913997
234867,77090,202402,1070365,656402
234868,86449,743789,768133,1420799
234869,74315,348707,828386,1105953
234870,50856,459929,204669,889298
234871,54123,869025,550544,1334271
234872,62222,311597,757068,1970700
234873,86716,776738,895424,1173596
234874,61315,95046,366778,1738597
234875,70485,111660,565798,509802
234876,78651,29689,699661,1365165
234877,89559,531928,975163,816985
234878,57637,278190,623287,1689911
234879,69774,448161,807234,1887450
234880,51532,724228,1008561,456388
234881,80461,408988,383408,687603
234882,70370,469376,900121,1900437
234883,63413,810693,346540,1480690
234884,50444,166293,271335,1728084
234885,60342,681860,330107,547160
234886,65647,576333,1015818,1093800
234887,73078,133657,740288,1981571
234888,76758,811826,817236,490423
234889,52054,857926,961981,520279
234890,50765,501785,854351,1306102
234891,67864,814511,937802,1569341
234892,65040,377772,442266,575870
234893,72414,143731,630262,1620853
234894,74150,166607,764231,1112791
234895,61400,274429,960306,1850570
234896,63526,30514,545468,1372749
234897,81451,295703,703902,1690189
234898,85813,521951,918997,481893
234899,64044,790878,1062434,1405600
234900,86272,838317,342876,1624401
234901,86126,599016,397540,1517049
234902,62693,576304,325781,1113337
234903,63004,689111,599084,671972
234904,77112,137878,991248,763220
234905,86232,365955,777644,657607
234906,71559,316876,335234,1991234
234907,57472,345164,852946,1106302
234908,52706,672420,492336,652408
234909,76853,637056,496245,701352
234910,89145,630475,998940,1995983
234911,82913,46766,479249,1976735
234912,65780,601127,503313,1783181
234913,83623,569955,497789,993066
234914,87541,340263,923030,970987
234915,66980,195934,407267,1189160
234916,80242,574149,963268,1325498
234917,57014,441280,424482,600588
234918,75635,693636,814797,1647323
234919,78884,678974,496901,1280225
234920,71136,683138,877471,1488503
234921,80972,823593,409026,900535
234922,64114,35360,385065,671075
234923,66463,81658,806725,1568537
234924,89275,832103,251503,1092496
234925,61002,276037,916924,1219656
234926,77691,858505,823634,582647
234927,63873,92420,565929,1144228
234928,54879,875404,531227,1117300
234929,83006,501171,245702,773239
234930,83217,966115,989470,751475
234931,84720,433707,327872,891390
234932,84521,723185,863684,1027782
234933,86133,169926,666664,1704805
234934,75098,278250,710890,1506883
234935,54584,242319,874196,933927
234936,83261,884350,364023,979498
234937,82048,489750,577566,486162
234938,76748,657502,435257,1729376
234939,65263,651292,620925,1059452
234940,60089,685989,333677,1016128
234941,88125,720312,1077599,1480583
234942,53019,664993,596003,1740538
234943,82525,775789,1071228,1508214
234944,55228,607492,993555,1772453
234945,60263,465580,566438,1736395
234946,60701,149917,795651,1650582
234947,61997,469744,319640,1138017
234948,88570,574397,222379,1635410
234949,54425,426851,752303,900912
234950,53879,161651,930539,1274399
234951,70124,614807,475295,1296932
234952,50394,172564,505748,940785
234953,62902,585910,974559,1422377
234954,77837,562385,786303,1206825
234955,73125,152460,233504,1794637
234956,77494,472191,584249,885749
234957,51253,10470,481323,1589294
234958,65653,939897,684386,709257
234959,77386,147505,933379,1780770
234960,60679,981759,979060,604383
234961,72226,194501,653619,1975512
234962,60205,165181,302150,999551
234963,83788,163208,375827,697581
234964,85477,411249,757077,1003081
234965,69654,182344,1043404,1541927
234966,81904,838101,348723,1808994
234967,59881,606544,766689,1024819
234968,78558,488314,792293,1803975
234969,50656,506925,346570,1805502
234970,57064,995198,708409,1933381
234971,69238,219495,978040,880898
234972,56195,319125,261428,872841
234973,51367,546304,1069088,1372810
234974,50009,784839,594589,632638
234975,77791,719782,409096,1858201
234976,69919,568620,415091,660135
234977,63105,388334,1047649,1530689
234978,86926,640297,489546,1438144
234979,71020,284364,595149,1512951
234980,60680,499592,236226,1339621
234981,61841,28661,445463,1091868
234982,70996,335597,524281,1022554
234983,51043,259852,604508,428327
234984,56136,894463,615319,874327
234985,82061,639640,1057199,1380621
234986,84640,808017,400011,1714998
234987,71468,588860,555634,431774
234988,84371,349830,587349,1365407
234989,55814,69956,876994,651457
234990,50569,85436,1001165,1457714
234991,58720,417879,559849,411494
234992,83885,936882,391232,1682957
234993,74213,357589,1073379,673523
234994,53087,332425,1069709,1606769
234995,53594,183634,388955,1672418
234996,79266,871668,444269,1515368
234997,88086,923246,554958,927449
234998,85831,935143,229753,1851075
234999,73036,747541,410148,1790179
235000,67335,974603,307129,1856878
235001,78645,702692,304624,595429
235002,82227,979730,311863,829676
235003,59742,867982,810563,1828156
235004,66980,139928,860487,1900384
235005,80177,145520,740549,664010
235006,53891,306050,327327,487365
235007,87704,817452,888201,499766
235008,59064,349883,354223,1791834
235009,82113,26142,244719,1823927
235010,79941,185799,462526,471078
235011,61765,157197,661322,1929051
235012,82735,147673,399301,1975846
235013,71276,716778,831731,1030409
235014,60673,642918,656245,897726
235015,51418,202558,788927,1818305
235016,56921,633891,728624,1626258
235017,61561,600573,266775,1717839
235018,58023,807720,655490,1019831
235019,61132,958863,469250,798945
235020,51702,266145,964652,575420
235021,76836,779956,1064763,910531
235022,63218,665185,983446,1645612
235023,77763,369488,382163,1241205
235024,76784,520602,454458,474536
235025,56742,530193,515954,609898
235026,64375,707273,205453,671419
235027,67663,528375,620032,1064073
235028,57197,358635,205880,499295
235029,58266,168563,302593,1128199
235030,86585,300025,741921,1833825
235031,75948,948885,364934,1573659
235032,78424,824800,739460,526553
235033,66688,62731,514410,1643848
235034,73955,686785,1052541,1294376
235035,76946,618341,869242,1052462
235036,76801,363428,982771,833985
235037,54328,108395,207232,710587
235038,55312,739184,657770,1169904
235039,64024,435679,1018339,666028
235040,50057,943920,662280,794846
235041,85411,235364,229910,482588
235042,77187,805717,806765,1524865
235043,88984,7029,909755,1670974
235044,80067,362779,433308,1990328
235045,85889,654969,785707,1451527
235046,53383,511346,846754,1208979
235047,63845,125898,471219,1800163
235048,79372,283251,457614,807648
235049,67969,182590,429019,529528
235050,50430,371229,1055064,1458785
235051,63717,832489,404205,1173922
235052,69360,62192,873393,536904
235053,52897,13502,878467,1231283
235054,84927,369475,305823,1737017
235055,75102,596852,342077,1942857
235056,55231,283233,679369,1185816
235057,65393,821053,1054212,1765621
235058,81556,380505,662807,1485257
235059,76712,977696,503201,1471458
235060,64306,930219,256585,827519
235061,83715,895215,789883,1971446
235062,52812,970453,852735,598069
235063,75089,235032,970262,1148098
235064,55176,160863,873541,798756
235065,70067,412595,897129,664292
235066,60488,884209,841086,1261290
235067,86148,344733,847406,1702309
235068,85473,647067,612596,1506106
235069,68488,614099,200534,716946
235070,64435,696240,1007278,1769611
235071,78116,27514,775822,1780295
235072,83132,617743,918630,1739447
235073,58266,174557,253566,1881299
235074,62407,498174,296727,982554
235075,73252,127901,747054,1856997
235076,87912,369112,557784,1032639
235077,67547,811412,284466,1866499
235078,75734,320952,380586,1506328
235079,84063,502059,850276,1070489
235080,50160,4941,239110,1626129
235081,87763,673094,408189,1319462
235082,57814,738874,833325,645505
235083,85266,182622,872741,667500
235084,70022,109113,387022,982671
235085,77563,116694,396294,1624409
235086,71408,577647,1028257,1775172
235087,75095,933670,1058805,1905864
235088,76392,842362,804134,1474648
235089,81660,86017,583285,852256
235090,78533,500445,624442,1184052
235091,63254,241393,394253,514922
235092,68337,299348,677556,1737750
235093,76046,521307,485257,1734790
235094,81497,388699,1042178,1665794
235095,50955,924830,466216,1384371
235096,86991,108017,404884,580663
235097,50728,236000,420965,1893248
235098,70191,597772,1073603,1303232
235099,58737,996027,444243,1138596
235100,67373,310859,1048779,651618
235101,54713,683300,640689,423223
235102,74280,946954,885724,455247
235103,56543,413131,481500,1542177
235104,68044,977882,551409,905642
235105,75779,138309,676494,1261045
235106,76263,729818,1018247,1609696
235107,80108,299671,914280,633409
235108,57010,391746,354765,1688688
235109,75792,203977,574402,1931210
235110,55856,442337,774643,1020271
235111,88895,67566,411503,1439175
235112,73965,798866,736274,880431
235113,82653,790149,989919,1470587
235114,65492,561000,652027,887170
235115,57457,570140,783392,664671
235116,86358,730254,876922,1810176
235117,85759,674399,359217,1732510
235118,61703,196646,617997,1720839
235119,86437,763234,397860,940449
235120,62624,706542,635686,1972376
235121,74916,359850,657544,1059623
235122,71586,147774,350324,1149410
235123,72728,156361,811549,1396306
235124,85580,112977,454023,1227675
235125,69263,78709,1078646,1312343
235126,74521,104398,677862,606553
235127,88103,960776,887143,630462
235128,72951,796379,231550,1440101
235129,75817,873972,539217,759656
235130,50131,577198,601245,867406
235131,50130,47584,263629,1703333
235132,60869,500702,706328,1504490
235133,85874,642103,762032,742953
235134,73722,458537,257987,1993669
235135,52063,478140,1030249,736769
235136,81775,438026,804560,1305338
235137,56543,837309,942173,1990351
235138,61472,207551,496999,1870866
235139,67576,355276,327603,1873627
235140,84117,840940,672011,1513131
235141,89307,726860,1054496,841931
235142,78323,155858,979426,1691626
235143,81787,746169,379979,461224
235144,62686,925614,846834,1711494
235145,78223,293807,298814,1373393
235146,81366,965880,1031833,951632
235147,64755,142318,236499,744195
235148,82341,906341,406272,1031592
235149,52790,317480,468758,904486
235150,50793,776611,747952,1352526
235151,87238,508678,667220,1675302
235152,76531,759568,1027863,764744
235153,89327,713666,893635,1950104
235154,76371,593774,987606,1915555
235155,57131,434969,838672,1442630
235156,52417,288055,823825,688582
235157,84388,170243,628967,1056759
235158,57417,734463,293057,1369667
235159,81345,652436,501732,1146371
235160,82673,403802,952504,1201650
235161,80110,137642,834790,621174
235162,71590,473927,754802,1688797
235163,54648,158536,990500,967036
235164,54310,561744,575889,769969
235165,77845,342378,770755,1811777
235166,75904,454241,479956,747985
235167,63643,597631,712491,1614798
235168,63646,210240,349140,1600354
235169,66525,520825,683349,913081
235170,81419,362870,939252,1510094
235171,70117,775086,953023,780847
235172,64149,499347,642325,487937
235173,76277,971638,827182,1788122
235174,88222,432573,423283,1985442
235175,86933,552878,334583,860291
235176,79969,419467,878592,725577
235177,77733,928974,531545,936636
235178,67790,969147,823216,1799042
235179,55761,480059,952405,1044493
235180,86228,636717,220842,1697984
235181,50952,158407,582826,1206540
235182,68462,552802,390611,435119
235183,69711,613688,896169,535152
235184,74894,618209,488173,1703995
235185,76906,5968,787754,1591164
235186,57807,447515,980217,1533293
235187,86924,323706,353195,1231470
235188,62392,88022,387431,1049485
235189,81530,293095,311870,1524096
235190,64905,120399,640595,1318687
235191,65673,539529,375278,1614005
235192,61006,773611,1066500,1056432
235193,59815,322303,535096,729789
235194,57765,776097,872166,775590
235195,83060,832336,574057,1020257
235196,60432,254097,981611,609407
235197,56001,994053,539408,994788
235198,72391,96195,977041,835308
235199,74998,329365,568221,648780
235200,56357,640770,922324,1750507
235201,70936,100119,488351,1914299
235202,52867,50938,1060156,921937
235203,65336,255691,946029,1580933
235204,70269,342263,731505,1241953
235205,85531,673629,315168,1470584
235206,64712,419751,766499,466152
235207,73498,232657,371855,720717
235208,75633,314585,734124,1111671
235209,54894,526871,766858,418002
235210,76997,933782,863413,1472238
235211,86163,78009,215196,1326571
235212,53115,572702,980660,1476000
235213,79670,420704,522988,1332787
235214,79036,704906,413431,801764
235215,75764,147979,810701,557141
235216,89954,506626,206733,1648505
235217,76276,972834,817945,1299347
235218,77705,404252,755387,823589
235219,67185,883730,311785,1658917
235220,89636,572554,964747,1409795
235221,78936,603565,1079552,1555858
235222,65989,994157,410338,1360317
235223,51100,632941,1079544,1685422
235224,55249,163784,1051080,401631
235225,57092,325363,1010959,1896133
235226,80249,596932,610023,1186978
235227,78695,657562,543345,1701795
235228,80051,853074,865677,1484662
235229,89149,613192,747334,1398682
235230,85669,90200,1007289,734685
235231,52645,423892,480480,809631
235232,86501,749137,586635,810425
235233,84902,781870,500139,1528803
235234,50892,730493,284106,1921037
235235,81522,427890,284150,692721
235236,77621,867203,834685,860783
235237,71747,350189,787215,906840
235238,71080,226930,459657,1736517
235239,78106,693885,624198,1397865
235240,87668,335094,317246,1510253
235241,79487,311997,1020465,1066676
235242,72043,682549,629893,999763
235243,77555,21058,861916,1254332
235244,67627,384184,817460,1750958
235245,81602,24378,613471,1554541
235246,74937,791294,747452,886663
235247,70403,558179,757691,1949026
235248,53714,557634,855815,1786946
235249,75558,128223,625862,1547812
235250,65398,915930,235873,1661860
235251,86348,605942,620086,1946903
235252,74825,26162,681406,1635554
235253,65522,266173,1035865,440646
235254,81464,946252,273498,1302113
235255,56996,697791,596510,581749
235256,58301,978995,373279,635950
235257,62843,321351,1009407,717577
235258,67985,562475,505790,522999
235259,87778,355548,433082,1249384
235260,59310,938784,801762,1943660
235261,61721,161177,1071608,1373424
235262,63913,802614,994395,1176383
235263,81719,420575,466360,815201
235264,60169,686522,690133,1871539
235265,70037,960309,368210,442401
235266,75013,884890,297796,915456
235267,88272,795809,727286,870821
235268,51995,545652,433185,947799
235269,60920,622430,435025,521807
235270,52106,116995,608446,1372792
235271,87833,538834,468077,1030653
235272,83961,312715,1054080,1622807
235273,58078,966313,654884,1843806
235274,75549,606947,630259,1380394
235275,66009,64991,594393,490604
235276,67596,345845,858375,1697982
235277,57135,409499,531891,1740863
235278,62996,524548,621753,1435103
235279,76683,371284,800361,1824183
235280,60504,676180,804937,1896194
235281,89017,245110,826456,1763089
235282,59013,80996,994972,1601408
235283,59557,30434,403999,1989544
235284,84812,288993,335474,1975785
235285,75723,121695,610840,569597
235286,83144,70049,1028095,1873132
235287,73253,909102,840491,1020714
235288,79330,788995,1046505,867122
235289,78537,670762,517354,1839457
235290,79568,482220,310430,741919
235291,54345,541438,957079,955063
235292,78087,917507,653281,439661
235293,58678,49015,398668,1310571
235294,58275,784256,988401,1393981
235295,61521,473168,796352,1087658
235296,55415,290674,499247,1321198
235297,52235,800988,729780,1223724
235298,56727,810941,876945,571051
235299,81833,558532,365891,856187
235300,69172,158973,597440,1782273
235301,58241,833406,410215,1801645
235302,86816,700969,802250,1585936
235303,78879,92609,657738,1611274
235304,89089,940721,498497,1580563
235305,79619,419374,502457,1464936
235306,77922,962723,420294,1025997
235307,68545,599541,448060,1748404
235308,87399,989620,903811,835043
235309,73675,684544,763434,996675
235310,83371,242206,797456,793210
235311,76883,340670,641043,644913
235312,86143,542485,490386,505352
235313,76936,977564,716422,1439318
235314,59899,551809,291387,1806091
235315,68251,405377,1039791,1115046
235316,74521,353243,1002806,672250
235317,53668,861510,1027974,959090
235318,55272,778554,964045,1915526
235319,63910,465889,1023442,1346222
235320,52256,597796,641081,809725
235321,79769,915506,794389,1703249
235322,64911,852938,792252,1899792
235323,55969,887923,356416,1931829
235324,73846,295826,314366,721861
235325,53343,332562,506452,1084822
235326,82307,943476,748413,1811473
235327,81700,440881,629893,861722
235328,62677,223128,341610,1615477
235329,77851,210126,706943,1680699
235330,83023,97951,532994,1833672
235331,87409,503139,732441,1073373
235332,74450,977169,897582,1400924
235333,73557,69882,370726,1723121
235334,88962,841046,716189,920943
235335,74206,71012,1076372,648923
235336,73314,4807,218798,779807
235337,56314,51199,365036,1590784
235338,82817,980410,530167,1276944
235339,86060,312220,800267,1191113
235340,89486,469172,756008,1041962
235341,64525,24314,620647,431885
235342,77315,670155,838359,913558
235343,88508,33305,203084,413467
235344,54402,788859,1069600,1182944
235345,70386,544635,689486,1527509
235346,88238,557416,260277,1435961
235347,63627,486175,523008,425663
235348,68691,444344,1066535,646370
235349,52994,312294,234937,1259959
235350,81653,905601,419926,810611
235351,50292,162500,409979,948604
235352,86343,676510,893038,1656347
235353,73257,316661,723052,626179
235354,65285,258745,570109,954197
235355,70335,961029,281996,1080461
235356,89054,887469,989160,1443235
235357,55201,794829,806063,1181480
235358,68643,760936,717965,1487856
235359,74476,559965,644772,428122
235360,58336,847949,1054704,1624533
235361,68971,925200,421050,520444
235362,52751,927699,568155,1714244
235363,51785,1366,993891,859923
235364,71612,16008,477013,1369583
235365,70636,84209,338589,958359
235366,77487,972702,820635,887740
235367,78457,755546,508474,774989
235368,88785,786356,372607,1372664
235369,86579,888993,365812,1000987
235370,74344,76183,968938,800114
235371,55815,868223,595815,656315
235372,57373,895821,483324,595810
235373,59880,776776,599050,1322543
235374,54612,825145,966689,1568185
235375,52553,57404,891639,1138967
235376,79338,507233,260860,680191
235377,71927,116671,325220,719220
235378,89261,700396,1070392,1506115
235379,70752,550964,644483,1130550
235380,82349,264537,694496,1625340
235381,78041,483157,237899,999038
235382,51500,697139,884669,825003
235383,89644,511859,627867,994946
235384,59547,229470,346580,420537
235385,81363,995250,988405,714163
235386,62485,51409,601143,963501
235387,67771,78818,486547,1579695
235388,80806,459344,287568,1112790
235389,71618,977804,926973,871357
235390,62161,862409,308950,795671
235391,67348,751276,466230,869537
235392,58334,405882,830951,676253
235393,64305,137516,837147,694880
235394,53853,545006,857390,831848
235395,80508,991636,318161,1934883
235396,64094,91585,467690,468771
235397,60439,224865,301476,717066
235398,73639,678274,1067263,637843
235399,74850,409577,973107,1467968
235400,61425,11346,344188,1244156
235401,54250,170186,1069279,775591
235402,58821,162372,211386,668863
235403,74269,692298,1051031,505755
235404,86173,122859,304357,1780711
235405,72707,179722,908863,1019759
235406,75209,763619,913729,493185
235407,52624,375670,560891,1601877
235408,81604,905812,307943,1864588
235409,64605,153503,616238,554203
235410,54461,150571,497149,1172186
235411,82757,433283,601711,746581
235412,55240,461582,492792,1635617
235413,65359,216341,871543,1544590
235414,50898,571924,784288,475425
235415,84107,864054,647939,798150
235416,77029,212051,360079,1256548
235417,79630,893268,990199,1770351
235418,88937,195557,352982,459709
235419,59437,948131,1032995,1529349
235420,61287,734494,508267,1766825
235421,73516,930887,877951,530802
235422,54065,542548,235990,1415777
235423,80150,929605,655432,876453
235424,75158,629765,990218,1177910
235425,56928,228911,907061,1000660
235426,85435,421378,1009577,1654497
235427,73932,930816,635031,708625
235428,82318,491387,521750,1675175
235429,87555,781856,711373,1072859
235430,52537,114029,271845,461671
235431,89169,359366,694041,477232
235432,81643,594640,875924,624193
235433,62719,50982,260651,1610793
235434,74725,897748,672958,1105185
235435,61541,725234,463952,1567334
235436,60925,393630,934951,503483
235437,63723,684191,513903,1941899
235438,83161,863284,573201,1934672
235439,82605,395517,496360,1533340
235440,85244,446392,266493,617006
235441,76740,35844,677185,1289090
235442,54579,9795,804218,1694223
235443,54108,430873,854239,1725392
235444,63178,188228,1023654,1906669
235445,85540,708367,564969,461552
235446,85003,116599,997466,886450
235447,52479,313012,962385,951372
235448,79517,676185,895698,1359965
235449,85153,287806,293497,1597902
235450,63703,534525,702060,998895
235451,50124,359107,1028098,1133950
235452,88586,359958,797375,1312535
235453,50801,68782,671099,1194390
235454,71129,455962,864182,476331
235455,86908,209485,857299,493243
235456,59889,47504,257319,1260505
235457,51565,589613,876310,1695351
235458,73366,507179,802535,667104
235459,81986,657829,383384,1578100
235460,55387,317384,632812,418513
235461,84147,29566,971933,656049
235462,63664,530101,282504,910585
235463,51950,6103,819490,1879719
235464,87913,941013,270621,1639034
235465,76062,375902,352659,1989948
235466,59976,210214,325399,1807639
235467,53888,139527,661957,609012
235468,82625,824806,242405,961648
235469,50209,401038,283451,1511432
235470,63836,721661,861594,581551
235471,59621,633512,378871,1971645
235472,70034,659822,641378,1851117
235473,74946,909601,872365,946748
235474,58218,778336,654848,703361
235475,50100,736835,473999,803178
235476,56179,668712,595538,1603984
235477,84828,299691,1073364,1533009
235478,64001,335649,611255,459535
235479,65594,484295,306797,589822
235480,74830,563157,445652,1879118
235481,76298,259713,242673,837437
235482,87624,773041,454564,1689021
235483,80114,39250,720117,1852548
235484,72509,735026,427601,1471299
235485,50671,942666,696403,467515
235486,88347,574576,943264,566468
235487,77846,407284,399424,1006350
235488,73640,568333,422186,696451
235489,51212,796459,517351,839504
235490,85956,514424,413848,1418664
235491,60084,689977,839701,452264
235492,71343,880643,953035,1338389
235493,81364,197021,543952,1524696
235494,69628,871745,672906,861147
235495,85082,376401,965453,835545
235496,88846,201954,814223,674933
235497,54246,887870,615373,1956364
235498,84073,991631,475293,1702649
235499,56246,293286,836611,1514478
235500,54343,171834,264257,1543248
235501,85873,992916,594117,1983822
235502,60035,902949,377074,1070766
235503,67863,993216,718875,1871917
235504,60399,228765,764758,1925964
235505,65334,706686,222591,957488
235506,66142,139166,415083,776644
235507,79923,169143,835668,940330
235508,50503,592139,386697,1231052
235509,79896,41733,828992,1613377
235510,74060,227119,928652,1835201
235511,57763,144168,560913,1469321
235512,70970,670603,378635,1071822
235513,75755,208759,558300,1833394
235514,59775,265394,920274,681123
235515,81907,814002,397505,1468974
235516,84614,341564,907244,1184396
235517,79756,306820,651159,1878888
235518,65135,823044,244225,1697731
235519,84541,122260,526832,1698664
235520,71496,767738,898437,467017
235521,58608,544471,452674,457667
235522,53543,637728,1020687,1051165
235523,53686,620975,784695,830377
235524,74528,925854,336687,605886
235525,55924,336482,788903,1172236
235526,56232,750687,657484,710707
235527,50189,591850,411836,712931
235528,62932,373466,647636,805909
235529,85764,121609,683128,1994121
235530,63716,718961,436929,652510
235531,82462,26033,245038,613446
235532,78596,425359,950313,910087
235533,69201,339753,649935,563416
235534,65823,375834,251561,1114610
235535,80877,715048,535711,1836343
235536,64021,836772,439052,1627025
235537,57079,274859,280737,1171901
235538,82434,306296,493412,831010
235539,83202,176732,962261,477699
235540,78520,256416,633094,1238158
235541,68888,555222,573786,538222
235542,62379,489843,626690,982173
235543,87289,959416,1060443,554645
235544,80548,825602,942735,575243
235545,76094,296487,436398,1741862
235546,63239,157174,243337,1695294
235547,66737,630576,756613,1527758
235548,78408,418389,606137,562049
235549,51930,667093,385088,1691176
235550,52901,772302,782752,614076
235551,74671,666625,601852,1943909
235552,83491,583367,593933,1705724
235553,67281,136840,508281,1775773
235554,78279,770715,596589,1521931
235555,61291,445159,563552,1640533
235556,85128,221782,1035185,978087
235557,71848,400200,401294,1675689
235558,64835,990478,651631,1066890
235559,88261,955043,546969,830095
235560,50782,796133,749451,1192047
235561,77185,835509,928573,1811314
235562,89572,489771,262619,1256048
235563,59980,435794,990385,1713116
235564,69130,878269,442974,562871
235565,57862,39037,1030764,735403
235566,67123,241724,961574,1214815
235567,50097,953190,283939,1577528
235568,63370,99547,363661,587541
235569,54843,683531,746913,1038317
235570,63702,519162,1011059,657804
235571,73989,67529,942565,759832
235572,65320,119686,440496,1826260
235573,71392,494507,794291,1056965
235574,58438,180368,621286,1589847
235575,51165,305289,927253,1057206
235576,51919,112457,1001408,1895742
235577,63544,804487,433732,636675
235578,85736,829710,303868,1085413
235579,67818,553957,1075490,706896
235580,82573,640971,407167,533047
235581,53809,140030,1026802,507173
235582,56810,959788,459687,1882147
235583,62008,42261,906252,1535544
235584,55052,521420,878301,661747
235585,83973,595655,549703,1971951
235586,79202,112107,957606,822114
235587,51207,515048,883789,1593353
235588,67856,57871,791099,474451
235589,51638,915874,515677,1491021
235590,78864,59693,725383,1635002
235591,62531,162009,341248,807493
235592,76924,117097,909083,661633
235593,78711,4693,751905,1933033
235594,71455,501756,273094,888578
235595,76966,852382,679498,1408434
235596,70841,320730,368999,1031917
235597,50579,261596,766935,1106509
235598,63150,420464,687307,1878825
235599,58793,952877,917723,1976326
235600,56598,497139,759099,826355
235601,88620,588815,946628,1143788
235602,62845,76025,385668,640599
235603,74706,592906,227045,414210
235604,80326,91396,856355,1777588
235605,62861,138103,393190,1526457
235606,67291,442380,995434,1887103
235607,71218,191258,703351,1241661
235608,58575,168729,411534,1370443
235609,77602,59036,790763,1511738
235610,69177,408596,859214,1882847
235611,50619,716497,390764,909387
235612,64930,617763,594471,1528674
235613,57348,261415,299202,1561700
235614,84231,135789,521024,1979041
235615,56807,289009,1072231,1978366
235616,54521,989944,524955,1559667
235617,50408,305186,839498,1671504
235618,79311,798383,440768,1093536
235619,83593,741517,932742,750640
235620,81784,205587,615674,925923
235621,82178,463046,822026,1106345
235622,64958,888804,344337,689494
235623,65565,922526,838867,1208630
235624,88632,597344,363788,885158
235625,88508,873048,1041015,1839010
235626,58636,863539,627692,1411247
235627,56585,434584,959343,1582301
235628,71866,742376,219951,657743
235629,87052,161508,456907,1110852
235630,81773,970879,1024071,1395561
235631,53291,407684,775175,538881
235632,87170,465295,1001360,962522
235633,66022,656834,713068,792457
235634,79729,552569,961308,819486
235635,75604,208029,222177,1470546
235636,75104,97050,623700,1654366
235637,80335,770688,864114,1268333
235638,60086,223801,1078990,1097086
235639,56006,861214,275874,449394
235640,80738,877748,912107,886591
235641,53756,532053,853070,1165275
235642,52051,360006,272279,1618088
235643,80134,589390,384572,1088024
235644,81538,96544,1013684,850207
235645,64243,283567,222405,843667
235646,83512,218861,1071980,1241062
235647,54918,760129,640992,867633
235648,63672,82815,581889,1770774
235649,89889,593021,480636,1007967
235650,66296,386007,692650,1209887
235651,78435,969288,254025,1114076
235652,65608,249464,1057586,554784
235653,71647,885959,791960,1028029
235654,65212,347337,776985,1721399
235655,60522,235543,217652,1673843
235656,76142,405146,694288,457291
235657,55633,313986,879506,1643626
235658,60530,777256,879007,1123167
235659,77154,698183,852203,1562263
235660,65595,727344,623257,887337
235661,56119,25952,710960,1795850
235662,66350,222956,491139,1744625
235663,69329,241104,740015,620404
235664,63800,862708,544715,699377
235665,76029,661078,862381,434180
235666,62770,395773,488134,1813054
235667,51696,703989,274733,1055874
235668,64836,618872,316727,1669933
235669,62290,413678,699179,1815820
235670,82878,796670,946208,1857683
235671,88997,779568,459580,1210797
235672,55096,470082,433337,1827099
235673,89622,414878,223342,887693
235674,52169,446921,509894,757352
235675,64961,141384,946871,1283314
235676,74526,773213,637860,1163047
235677,62856,486432,1004680,1551252
235678,74525,258763,657818,1737774
235679,61237,191677,779304,666206
235680,79403,597437,1050322,522214
235681,87918,341121,964040,861836
235682,52031,934538,873815,1861348
235683,55289,983009,619916,573653
235684,67775,920561,307040,1792237
235685,67170,625171,850133,1333827
235686,66234,780628,1011139,1105867
235687,77702,130879,686528,1014377
235688,59674,111055,797094,1283511
235689,76614,804122,617803,1285395
235690,67238,358056,763647,1655278
235691,51950,937532,738482,952829
235692,55248,648382,1016460,1989394
235693,65189,395725,979855,618644
235694,68700,288026,873218,1913313
235695,73014,350641,422670,939103
235696,57974,510597,451889,1815253
235697,69173,872912,975017,434987
235698,84997,661819,652442,421422
235699,70106,668629,379472,972391
235700,61018,118912,294452,1445500
235701,78850,263254,642393,730617
235702,75793,992729,379656,1766139
235703,81868,167826,263687,662131
235704,61594,892240,743691,761173
235705,84322,391769,751624,1580239
235706,86360,336650,359774,571096
235707,79766,214236,579210,719368
235708,65756,528896,384232,1301360
235709,88389,149198,641980,895705
235710,57343,806690,771744,792944
235711,70068,360,303187,1280405
235712,52764,291284,450515,1673977
235713,80383,973838,671567,471179
235714,56863,412113,1051834,673652
235715,65281,551289,942767,1678831
235716,77288,32189,983975,1125621
235717,71960,178588,498618,755217
235718,89885,381662,230544,1286563
235719,59494,261932,290683,865123
235720,87958,889704,371734,1746736
235721,61212,471439,631475,1676971
235722,84206,670083,938136,1390444
235723,89731,184650,512291,1955140
235724,68369,870773,919000,1337261
235725,54101,417600,823972,1913511
235726,62976,787581,256392,1211953
235727,59516,119416,989636,1991945
235728,76958,566713,226237,850862
235729,73584,566299,311112,1981898
235730,89208,588526,686896,925764
235731,60997,998767,557333,1216870
235732,75176,829994,998589,735204
235733,86421,591614,682549,1123045
235734,86519,498818,300716,462708
235735,70827,345440,657146,1128532
235736,82985,704825,1059716,1968507
235737,70990,6534,342049,1569500
235738,83659,396738,835210,1575784
235739,52386,895807,624933,1570523
235740,85020,992849,1058893,1824301
235741,66408,883491,209710,1818227
235742,72518,750040,323439,1808824
235743,54474,127941,453942,610111
235744,80144,604458,1029419,1651743
235745,64051,808830,722606,868051
235746,62160,982308,348757,513299
235747,68779,39170,585153,1277716
235748,73225,398861,782534,1144676
235749,72368,605629,439478,1462160
235750,73712,906208,204387,835478
235751,52184,699798,1026520,958115
235752,71686,815097,715161,1104175
235753,89013,580764,661072,1327777
235754,87847,172671,305655,1564204
235755,78219,393664,330630,879874
235756,72244,201690,1020997,1859145
235757,57276,405104,357359,1910009
235758,59230,223000,1001756,1245334
235759,69212,878604,576711,892349
235760,54443,704439,675633,890304
235761,54980,201133,894228,1630622
235762,71315,802806,331580,806686
235763,89828,798055,285490,590791
235764,73051,580266,1023640,410577
235765,67174,358230,921152,895990
235766,87309,482626,894640,1074849
235767,81684,211269,315569,1310049
235768,67094,494867,769949,1576295
235769,80478,173014,727811,1711516
235770,58877,356469,322276,990097
235771,58747,989754,391512,946520
235772,67059,339125,981132,1688558
235773,52604,765268,829018,1685316
235774,88088,373775,398148,1492829
235775,81352,483475,828205,1193323
235776,59712,74105,508972,544987
235777,62929,728268,311430,1600521
235778,61941,210133,361894,1083469
235779,63854,469903,974801,869477
235780,64677,222733,984856,544004
235781,72728,967161,795716,603355
235782,84732,625911,564769,1463672
235783,84487,965339,406734,1828184
235784,71453,352795,704031,1786462
235785,71719,192520,655073,1385093
235786,65017,314261,921340,544956
235787,80005,822319,1029616,1971732
235788,72602,66384,743283,1944293
235789,60518,859406,449646,1351730
235790,77018,324688,529622,1607098
235791,70948,182616,361463,1121476
235792,85496,211064,348563,969548
235793,62658,741295,249158,1081319
235794,50837,155725,461361,1549597
235795,82935,330846,768657,1284542
235796,60975,262984,611254,407212
235797,83193,44129,1016303,1958309
235798,72802,956710,646793,1366207
235799,87388,102404,895880,1010479
235800,64882,806728,413079,545904
235801,70036,88416,1061641,409945
235802,66660,659940,912055,1243069
235803,51825,839716,730034,1010192
235804,68376,943169,323784,1362770
235805,58925,446126,1008737,1831964
235806,78247,446935,925587,1928580
235807,59131,557616,308445,1603395
235808,73229,569311,829923,552667
235809,65582,793365,636066,879531
235810,79231,962067,313635,928914
235811,73293,552062,796531,1225423
235812,85802,615720,403245,652036
235813,83233,169031,622465,1140807
235814,77051,895145,508500,737639
235815,65571,18007,343772,658732
235816,89082,607334,952213,1310859
235817,59468,708734,357089,403692
235818,68319,721792,253204,1965506
235819,58075,159379,812395,1971559
235820,80992,221390,390118,1154965
235821,84140,344907,683808,1229252
235822,66767,721298,270635,1006243
235823,84073,36243,773283,1331157
235824,73459,304205,519959,1693890
235825,71441,728118,962965,407993
235826,56616,589065,307531,1668116
235827,69015,632411,886424,1634899
235828,50278,673629,409014,1489783
235829,74613,495592,306375,543620
235830,60088,7990,906021,652506
235831,82217,124559,364449,1329884
235832,89573,101003,626468,1838155
235833,57958,575806,698540,1418064
235834,77478,896456,241183,1530138
235835,72455,974604,207172,1838867
235836,77243,172160,448609,1126635
235837,74807,175148,298122,1075994
235838,75812,304707,975692,1207308
235839,60176,15482,863271,1966078
235840,66103,691741,640331,1483258
235841,83075,60882,696064,1217269
235842,67719,126777,313252,1649778
235843,64917,82010,1003601,1041859
235844,63456,432651,499641,1135217
235845,56046,986651,1053930,759584
235846,70886,325826,753444,1446754
235847,57314,678765,1042394,626036
235848,53623,91569,361570,1923252
235849,70380,76508,207971,1487742
235850,70447,88091,932517,1374090
235851,71356,276223,919108,1520354
235852,77221,905775,935230,1886073
235853,82997,657132,637906,1987808
235854,76224,63459,588552,1018971
235855,67239,662370,1046748,1590437
235856,52050,579961,434875,952442
235857,56221,640862,748907,1392212
235858,66364,450055,514556,1509401
235859,71109,94414,953795,450927
235860,80148,714654,571137,813618
235861,69240,157068,590145,1249470
235862,80757,55138,656615,939051
235863,79825,334764,271753,1923238
235864,54721,189217,391397,1621112
235865,82124,604965,918904,1276241
235866,70908,513067,728448,1607696
235867,78888,13461,415701,444082
235868,89645,991622,455895,1999413
235869,85187,39141,750437,478712
235870,51343,558845,917135,474862
235871,72826,302391,838405,1777997
235872,87542,740425,370096,1268794
235873,83058,638757,712434,405323
235874,74728,12583,1013650,675898
235875,73886,824372,543474,825352
235876,75121,39077,341382,1422637
235877,59471,968847,587230,491964
235878,79457,545735,458600,1507145
235879,72055,211668,629878,1617108
235880,68848,698118,252513,1410545
235881,65686,910828,911162,1934759
235882,62169,791780,1001881,1401153
235883,68797,409405,564686,1247038
235884,72826,146209,1007298,933595
235885,53569,398614,516910,407314
235886,62632,319664,296209,1537068
235887,68162,341083,386194,1173830
235888,76441,151806,825091,639507
235889,78575,770110,209807,440559
235890,56523,710483,691223,1654562
235891,60836,143857,299831,518556
235892,86228,813304,262328,919184
235893,52238,318008,341059,587652
235894,71851,346807,658585,1590829
235895,53208,596834,292905,703142
235896,54993,460117,548658,864668
235897,89172,750669,238825,766733
235898,69799,501066,666677,735781
235899,64724,217576,905664,1869649
235900,73897,165991,926407,1042610
235901,63954,561364,567552,1687838
235902,72787,893330,828496,1079528
235903,67386,234349,637858,1644252
235904,69663,676488,687404,1842032
235905,65776,539210,930287,776250
235906,75779,890750,870952,627043
235907,82241,199136,1071038,1796456
235908,70645,285145,357911,772232
235909,53942,581507,646042,1909202
235910,56947,253221,1037766,1681746
235911,79031,568509,206373,1455027
235912,50035,170048,695334,1894849
235913,54848,292629,608926,1609763
235914,57553,145087,545800,598404
235915,70350,550404,521202,1078630
235916,87393,5652,319353,777659
235917,69545,79868,289844,1651328
235918,82621,714747,213712,1355019
235919,73020,55434,1036897,1732445
235920,69110,361535,784943,1987924
235921,55259,1999,628052,1313686
235922,55536,783700,429433,1775313
235923,74087,169390,692464,610017
235924,63508,491931,883280,906030
235925,72150,711835,421461,487877
235926,61269,681847,833828,415845
235927,88130,315054,323116,778220
235928,88297,612621,239066,401931
235929,67587,213621,883609,1621285
235930,52506,254733,1011252,1963677
235931,52395,585642,874286,1347653
235932,50440,275499,693362,860650
235933,79174,494227,383120,496718
235934,74055,767555,756696,515538
235935,76962,697083,301048,1405265
235936,73775,344917,295984,1664043
235937,78819,744591,523175,1354040
235938,88247,807241,406369,612347
235939,89787,460031,1073022,1028326
235940,85054,949703,654806,764200
235941,71212,368953,893113,476637
235942,89083,93467,841729,1045812
235943,57108,191527,924039,1390701
235944,60713,186911,889504,725573
235945,83628,82916,392525,612169
235946,83807,125572,300690,772256
235947,89076,266455,708307,812393
235948,55260,330204,577002,1009138
235949,72289,909419,716792,1930686
235950,87536,69646,802816,1360315
235951,89207,8346,966050,1804271
235952,54501,386328,1045023,429927
235953,58687,128305,1034829,713438
235954,82405,550909,479132,1755301
235955,72606,179859,739872,1765866
235956,79971,665049,1003694,724793
235957,70093,268904,519641,1216791
235958,82819,907908,1043440,1483741
235959,87751,633068,888696,1685150
235960,58101,886124,832292,621093
235961,68166,335,1041280,1396919
235962,67395,734457,622594,1302504
235963,66560,332641,228481,877906
235964,69712,499391,1032616,624143
235965,62850,346704,961553,785874
235966,87404,781452,394813,529762
235967,81630,71736,743166,950677
235968,57780,773213,733338,828670
235969,76607,270439,945698,1820569
235970,61904,868549,656108,967364
235971,89804,586647,877817,781728
235972,83999,6169,449400,1649956
235973,56718,518589,360232,1665354
235974,78912,7035,1026761,1264193
235975,79425,520923,921459,533092
235976,68795,47261,894633,546598
235977,58393,276546,651165,1118416
235978,68699,852172,874879,1388917
235979,79204,253528,782766,987968
235980,65502,422890,373151,459467
235981,67126,966907,735930,1747386
235982,72440,828300,784281,1080174
235983,63874,711317,1029527,1177465
235984,71833,304987,661319,530797
235985,79220,160753,936970,1926319
235986,83025,191586,583721,1257921
235987,80495,383466,593722,1376281
235988,86216,255370,406633,989692
235989,59241,47164,512142,633544
235990,66467,121535,765514,1154433
235991,67485,262039,434833,554479
235992,83105,471458,404643,1260396
235993,59261,767514,663713,1121448
235994,83816,981412,666898,1143749
235995,68445,145350,664535,878153
235996,58383,828717,664773,1166314
235997,69515,282710,647365,1283111
235998,62653,263230,347499,889105
235999,51204,753481,284745,1898400
236000,73965,324400,638265,444784
236001,74648,188678,644786,402324
236002,79991,637448,496400,1775641
236003,71038,348867,994847,1474970
236004,56867,68430,766805,1147787
236005,53206,654192,636430,680446
236006,74878,723991,435130,808520
236007,71418,308156,1069831,1286913
236008,87589,500961,538851,1703985
236009,50841,236774,985618,637924
236010,52393,153772,383959,1219704
236011,73105,966677,931010,1271774
236012,74055,177112,989176,1581338
236013,79533,625791,617108,1401960
236014,56146,542149,595523,1505590
236015,79048,116506,906280,1800337
236016,67708,805812,302290,742726
236017,53066,232155,352044,1151655
236018,76442,313,1038836,680757
236019,70403,963323,627452,710711
236020,89588,325260,758254,611466
236021,64180,458329,831879,1198403
236022,83977,323722,244158,1546114
236023,54728,152057,829361,942945
236024,52389,996231,577429,496067
236025,53269,603500,542376,1533766
236026,56137,627555,555231,735621
236027,59972,595518,564552,829510
236028,57923,801509,800775,1688552
236029,80467,631090,974976,1635012
236030,75567,886449,861987,1033752
236031,77462,613413,301386,1671169
236032,89875,429404,964552,1997141
236033,66036,741060,604454,1749808
236034,62825,882432,485007,1986150
236035,83226,53269,915011,1012866
236036,82512,922644,850663,1786140
236037,57031,208503,372763,1276160
236038,74438,611256,568653,678229
236039,82689,483771,918194,1288873
236040,53460,63005,686482,1307258
236041,61473,682051,304006,1096134
236042,75322,519064,597271,1422556
236043,69427,998581,682780,1539951
236044,84824,359332,246061,934365
236045,53509,9554,294670,1471839
236046,53648,878048,440961,1038763
236047,62232,779651,343485,888098
236048,67036,21592,604891,1318251
236049,61768,799491,978285,472356
236050,56459,269865,953760,1460728
236051,61080,463944,594023,702451
236052,80839,761167,479259,1487889
236053,77347,598562,459543,527123
236054,87754,65665,926433,1782394
236055,79636,321572,713356,718531
236056,57733,736810,911815,1490614
236057,73531,511612,956326,1780518
236058,60214,246905,422288,848125
236059,77081,608601,616311,1360880
236060,74060,929446,675040,507330
236061,74347,426840,393700,1221970
236062,64817,372712,996212,1320521
236063,85726,663842,601828,598400
236064,64594,197718,448576,1014462
236065,71557,991298,713031,1966359
236066,60057,937966,849418,1075930
236067,82028,623454,406683,1400309
236068,67017,943553,497319,1194209
236069,65101,427847,780384,1373578
236070,75618,207881,333220,1564319
236071,53508,449120,203199,556125
236072,87188,552927,289165,1894085
236073,76635,331642,628390,1482213
236074,61287,80628,431990,816988
236075,88502,691233,790481,1474724
236076,62395,591356,586809,721072
236077,89215,380374,948468,971807
236078,51393,170347,793722,698344
236079,84285,656974,817081,886714
236080,87898,226455,465851,439802
236081,75565,962220,620910,1636367
236082,64959,760661,935902,828670
236083,59987,601278,557659,1623647
236084,54906,140035,1040444,1391221
236085,61166,389471,206014,1401056
236086,56050,890448,430716,1483638
236087,66574,961456,886760,1613175
236088,84466,559877,328569,1410891
236089,86135,294660,322574,409092
236090,87140,798313,990784,657905
236091,53481,50943,527750,532087
236092,82956,813711,886226,1694581
236093,77943,721687,250453,996201
236094,51204,168559,287133,1620479
236095,65216,678288,447079,1281743
236096,67945,932038,469287,670558
236097,62399,716393,1048993,1158031
236098,68233,81901,646439,779735
236099,53656,493343,785255,1249519
236100,50704,184150,967785,1874879
236101,54460,652628,985761,1203139
236102,71564,10482,414633,1732676
236103,88556,837045,733509,1470588
236104,64605,701797,359602,525948
236105,55851,625871,783717,770404
236106,79315,360829,344677,1625654
236107,53878,288699,246138,590415
236108,55063,915296,546874,1773352
236109,86541,569134,988072,1263690
236110,73085,129487,907015,1737131
236111,74356,430117,1044999,746423
236112,55778,612266,233295,1638209
236113,53439,148563,622673,803332
236114,87331,424963,752783,807363
236115,62790,146018,790165,1962371
236116,52658,391214,803059,1654931
236117,72260,123895,221649,1759085
236118,73523,875050,750810,1199696
236119,54043,154783,516400,1721616
236120,72229,623677,205928,419643
236121,86600,935536,757612,1058215
236122,87668,519041,577405,834547
236123,85278,935695,365614,951987
236124,76672,672147,974812,1428027
236125,55441,610419,1046453,1300628
236126,73073,999388,266954,491106
236127,73987,524209,886082,1595309
236128,81242,788656,684114,955927
236129,85939,206136,342904,1035102
236130,75450,734659,410002,471880
236131,63981,303558,444865,517426
236132,76692,327386,944639,1620619
236133,68102,38120,499875,1946980
236134,69244,555335,536060,1146962
236135,69351,807408,930859,1857252
236136,88230,661026,940720,740432
236137,88066,295612,1036082,1126557
236138,85225,384173,705464,1185387
236139,77813,92348,703561,815960
236140,71439,766490,722401,657646
236141,76593,795092,675461,1602848
236142,86967,183649,859966,700081
236143,57222,346513,707538,1161339
236144,58629,916720,971673,1316552
236145,76992,935572,462197,858653
236146,61288,809068,1051464,925688
236147,83192,34787,917838,1247890
236148,84721,611514,414886,1514686
236149,69754,709378,255084,674271
236150,83596,214504,638750,1972699
236151,74715,191479,1006601,1872046
236152,83073,789057,1066828,701725
236153,53433,591484,966760,847739
236154,84573,456767,490707,1540255
236155,87946,528587,393232,1780310
236156,82954,59194,1071060,467434
236157,84913,887596,1055415,1490666
236158,66278,959391,633203,1951071
236159,85625,945211,834256,1737518
236160,62339,496521,488020,1038389
236161,54624,594036,510544,1375487
236162,83606,225120,944088,1286928
236163,84780,281230,724785,1556004
236164,83985,293299,1000702,1522107
236165,65915,542841,579707,1218567
236166,56537,4554,589578,410629
236167,89743,524336,951082,517910
236168,52753,613978,335300,1286875
236169,85413,467165,382744,1158176
236170,86662,366908,983041,630955
236171,88982,342071,610937,1928082
236172,80680,198454,426978,1321835
236173,72676,369407,360372,1009452
236174,78590,726536,1061662,1086178
236175,57751,229099,1034966,1458233
236176,78567,922703,481650,1360499
236177,74159,128644,579097,1299777
236178,70733,192292,757732,818677
236179,69011,945051,686104,1359514
236180,68698,528539,244199,1607470
236181,56857,102275,301841,1919781
236182,51541,409459,992367,1567826
236183,67448,294528,847749,1802036
236184,61720,337901,440575,1367885
236185,82976,958148,948498,711541
236186,74369,906058,1065526,578242
236187,73534,227819,353810,624568
236188,85650,490925,514459,1673892
236189,72955,608164,409175,546972
236190,85149,950934,370364,501220
236191,73707,430816,336675,647683
236192,75285,97108,258401,1485802
236193,69893,213862,648304,916397
236194,70331,326542,201315,693694
236195,78289,474210,418882,1420941
236196,59341,611833,1040147,1577120
236197,67671,446738,750586,1088555
236198,51259,65714,416659,539818
236199,83126,497639,980544,1373432
236200,84506,528437,447179,1949359
236201,70620,601419,253327,585078
236202,54009,529775,323409,415760
236203,60892,788685,682262,1977307
236204,50161,256130,666725,1353529
236205,57266,419211,314050,1377756
236206,53252,182954,516517,1843261
236207,64517,139340,635781,1933085
236208,73613,180994,208059,1496065
236209,56841,402815,437903,1684910
236210,82120,143539,349378,1112940
236211,54539,897127,474956,808206
236212,64570,734304,621087,1492400
236213,67523,329736,469276,1656965
236214,67032,561710,879675,940339
236215,52163,71928,387137,1336003
236216,67745,132117,817271,1524623
236217,72078,102603,333304,449688
236218,81752,426441,665922,844126
236219,73186,371437,362172,1080074
236220,86271,22658,420817,1365381
236221,70750,501874,768597,1399938
236222,71281,1828,726599,1540872
236223,65013,246488,706865,835069
236224,52887,498078,407662,455145
236225,82000,852954,923185,937963
236226,81991,993428,843046,1401169
236227,63782,451748,312131,1177555
236228,54689,286048,1024949,513016
236229,52867,567960,813382,864425
236230,83302,383569,841562,1373144
236231,51560,164833,991218,824164
236232,83582,965165,1002375,473947
236233,65135,545001,654872,1597705
236234,57675,479505,243547,1696859
236235,58679,615281,210307,1047355
236236,54912,524689,405306,548974
236237,84990,408616,790725,1078676
236238,86254,658131,410421,1142494
236239,77730,191868,445519,750661
236240,52921,367636,775591,1213159
236241,60648,449309,550058,702529
236242,58236,449202,900163,1731682
236243,76031,987791,369211,1328583
236244,89437,914838,472872,726451
236245,71774,465151,441600,987804
236246,67019,853935,1006015,1494176
236247,51445,768321,534468,1984497
236248,52554,766878,1071199,544421
236249,54131,971644,1061322,1637586
236250,59984,958554,746440,887741
236251,89576,239554,498486,602211
236252,83016,209373,507714,1967212
236253,81961,571094,221599,745370
236254,79930,852733,587780,559332
236255,85409,450990,777097,1869620
236256,82119,116462,914110,771845
236257,60483,544738,543768,598367
236258,60837,260507,399453,1366309
236259,87836,602558,361879,1719142
236260,59053,615605,333223,1997759
236261,50670,568952,946179,685456
236262,51931,340456,297355,1129380
236263,82107,948072,362534,927467
236264,80309,825936,962569,1650440
236265,79943,884601,390172,1337493
236266,83725,470051,434068,1647126
236267,69969,537917,988825,1087785
236268,67788,611027,536401,1177490
236269,64239,787499,999200,703001
236270,53954,869000,976977,745422
236271,62400,749630,991506,1766208
236272,88599,131451,286659,518566
236273,50192,129165,727901,825675
236274,83479,568515,696368,631608
236275,87758,45225,217990,1875462
236276,67589,33128,310607,1180031
236277,70075,677669,318967,627790
236278,82774,384040,316931,564837
236279,56787,634571,477096,1918905
236280,73162,775350,850019,1800663
236281,53946,303093,858352,1449661
236282,79229,317261,266126,667855
236283,80891,865257,305209,565048
236284,50238,987481,1072129,485527
236285,89947,144481,587694,1819993
236286,73804,910456,745016,821158
236287,63246,865344,626059,1305222
236288,81759,253492,368689,1050800
236289,55867,660829,970071,1041518
236290,54694,13986,804765,1527305
236291,78727,640023,973782,1986321
236292,75391,886274,981661,1346201
236293,82237,741302,471780,1311642
236294,61789,370179,555113,1952748
236295,78717,394260,1006857,1976736
236296,74629,994253,877964,587407
236297,57177,791614,735985,824563
236298,73605,672679,1065770,1910242
236299,73671,854462,521436,1899340
236300,78711,618348,641561,689112
236301,74338,834961,616091,698477
236302,64406,675187,757108,1445056
236303,75633,383226,874357,1796662
236304,68724,263598,417802,1437949
236305,81480,909233,832130,1068626
236306,79546,790275,1039853,1967689
236307,63835,843196,967474,1252497
236308,51754,382465,831300,1560326
236309,87263,650023,1072833,1380726
236310,65035,485137,711546,1079292
236311,86332,668463,671711,1375183
236312,53799,768232,1055951,506627
236313,67286,296196,310721,1332408
236314,66480,835560,1012096,1732571
236315,68284,285585,487953,1259853
236316,58677,62369,949127,843964
236317,54791,464180,231554,983682
236318,64896,257460,912289,823421
236319,67496,907797,1051975,1658177
236320,81132,581204,261574,557394
236321,65166,151455,703430,733329
236322,69803,919493,806646,1112227
236323,67660,51622,981527,1522076
236324,89105,744812,941585,1422212
236325,66151,192330,362865,576716
236326,84779,918272,1027787,516711
236327,87009,182911,751908,452523
236328,71380,817917,523693,1059746
236329,50467,586421,1038489,1581683
236330,56405,776494,643503,797288
236331,65054,228892,328665,1615761
236332,88775,594259,946198,1034183
236333,58793,566808,514046,1120721
236334,54600,461242,491408,1781603
236335,67660,726382,469301,1766601
236336,62572,220543,820608,910034
236337,71989,956095,921051,1083178
236338,65725,666266,929719,1268172
236339,60148,138153,886003,635509
236340,55074,625132,567205,1990629
236341,57244,486149,559716,1135444
236342,68541,918230,743749,1939806
236343,69542,159611,1008388,1213854
236344,78185,555801,270208,574024
236345,76141,800636,954015,1292140
236346,82347,927449,462981,541794
236347,57320,162283,630840,1293156
236348,75052,558159,886454,803909
236349,74736,951780,548131,1633209
236350,68913,617689,504420,848043
236351,58688,974496,526742,1232414
236352,83425,355082,828501,476775
236353,60736,438388,1042370,793096
236354,64903,558702,1077018,618894
236355,83853,223283,952170,588481
236356,55098,279148,853694,1952930
236357,62036,666307,402286,467772
236358,84922,204272,594786,1963931
236359,66925,821467,337780,1429373
236360,50568,819298,466694,401306
236361,61876,809415,757344,1648644
236362,62301,337203,796593,647861
236363,66748,682519,521730,1163486
236364,79357,258796,690253,413217
236365,53153,405022,471220,1207437
236366,59427,651984,848786,1743061
236367,85654,130507,210268,1244987
236368,51281,993299,762720,426573
236369,56823,633156,640478,1091107
236370,64801,533159,463424,520507
236371,57311,156968,831991,1621003
236372,88159,131853,504381,1136483
236373,58416,529737,534292,976361
236374,81494,754399,861607,797372
236375,61083,232960,755667,1919240
236376,64685,155168,723086,1969478
236377,79606,990126,447763,1835609
236378,67781,289641,937871,593220
236379,88884,861428,406883,1277903
236380,88875,418325,499578,840656
236381,82919,790704,750166,1793040
236382,51343,394903,476801,1828732
236383,76806,49174,643843,805595
236384,55290,6773,418410,1579007
236385,63654,173725,416418,1483719
236386,72521,594014,435159,1311680
236387,53066,474414,1004194,1514278
236388,78951,454139,958751,1151731
236389,67705,499557,603527,914380
236390,63690,100573,446797,1699132
236391,70624,72533,308689,1565557
236392,65346,924579,520727,1363807
236393,76570,575680,680710,611156
236394,78959,406615,347603,625790
236395,75035,520071,394583,1433634
236396,84176,996324,394191,1742614
236397,81440,479265,581748,468668
236398,77455,991668,232646,1857514
236399,58350,83623,668716,1722601
236400,50779,162692,958267,579766
236401,87896,391580,776539,674725
236402,83956,414273,772606,1211217
236403,79189,567101,505051,595741
236404,66313,186615,301419,1923396
236405,89045,469266,754202,1209967
236406,85890,29112,1028142,907580
236407,83543,529875,543715,1849272
236408,86828,613811,717674,616813
236409,63469,167818,561238,701648
236410,53689,766628,779883,1982058
236411,85572,82818,599454,1916579
236412,67690,878932,863347,1370212
236413,54616,687280,486534,1479039
236414,75269,987039,382580,1026247
236415,77857,685379,581499,1547521
236416,59081,260406,407300,1514276
236417,78657,345213,546857,1012399
236418,72133,630758,906824,457278
236419,66124,58165,694948,1119027
236420,79698,845333,497048,1884047
236421,59337,179527,649152,545721
236422,60560,301282,775476,692502
236423,80326,385829,682805,501855
236424,85276,255988,904836,1168425
236425,79280,403003,1039138,725595
236426,66809,808123,743398,1356331
236427,60533,826205,1015107,1181648
236428,59953,330560,762248,918542
236429,53080,384532,218533,1856951
236430,76487,600085,516192,991505
236431,69586,370558,617265,1651801
236432,69226,220280,260163,1838632
236433,72944,180859,503596,1822111
236434,59525,631234,256483,1451214
236435,53317,913035,374950,1245161
236436,83409,460,781080,1752924
236437,76786,6009,875430,730218
236438,66390,229218,1020595,1710454
236439,55818,489941,322719,1564008
236440,59939,496920,1027434,1556836
236441,72456,178795,291244,411833
236442,68655,487767,858083,1418468
236443,87974,284171,333719,958897
236444,51074,917291,335967,725678
236445,57262,713989,1033781,448473
236446,63687,513173,1012796,785914
236447,53192,848366,480973,420642
236448,74478,827197,203615,516887
236449,60351,305132,963622,1453853
236450,51299,607105,301882,1631856
236451,61921,142151,484764,1759162
236452,70209,63324,290416,1956765
236453,52598,702611,959131,1182341
236454,62448,649512,267288,1713588
236455,55976,57450,202571,1499851
236456,79134,941685,679996,1301353
236457,56744,372326,780845,1817301
236458,51647,551222,578238,1823049
236459,50395,35179,288436,635087
236460,81424,84617,723688,1476578
236461,88539,738462,526610,1255433
236462,61381,942528,456060,876230
236463,89776,27376,335280,862004
236464,62830,490475,405567,1668210
236465,82230,797403,273629,1844262
236466,83500,19110,359365,1230263
236467,53086,195577,1006906,565767
236468,53351,499079,875492,1554377
236469,57379,262135,563423,1399756
236470,81817,653007,304087,1902995
236471,51727,624393,584931,863659
236472,81742,64741,1077520,1289597
236473,57093,645591,474269,1804805
236474,66824,103286,902227,555041
236475,74619,101034,426350,1961868
236476,52450,399756,240580,1622054
236477,71919,440831,540842,979676
236478,57630,943131,779165,1420475
236479,88555,259661,971955,938643
236480,71832,760517,927768,843820
236481,73156,572934,642714,806286
236482,75290,216352,962977,479655
236483,73905,923230,600043,529525
236484,56932,188523,215493,1683199
236485,54864,976571,531728,1314633
236486,57144,831603,915806,518543
236487,52818,66733,259398,1709633
236488,86964,350349,1047987,1092623
236489,86101,749745,739427,492603
236490,73417,431796,335538,1570559
236491,79565,565279,526225,1575061
236492,84743,903942,704518,1308718
236493,75890,625177,872012,565439
236494,51620,870373,569116,1063351
236495,81218,874424,876116,630083
236496,89000,347968,677654,1367612
236497,76902,287137,365181,1467492
236498,65313,973700,935341,1690738
236499,76014,237094,496432,1539840
236500,88582,490134,554560,1593065
236501,65807,362791,239765,1910211
236502,82281,679762,638040,1144951
236503,87582,744690,1007340,666825
236504,58022,618821,629353,1698715
236505,67727,125485,332361,1515380
236506,58932,247475,342193,1892931
236507,53086,126089,536153,1755419
236508,77007,227190,762536,1973666
236509,61451,326505,385689,1559017
236510,54871,269550,381741,1040512
236511,66438,813348,642289,1616988
236512,75310,228680,895159,1883692
236513,86301,772615,430529,1373591
236514,80799,704290,985606,1812462
236515,85934,288515,517390,473649
236516,84405,382014,262525,960400
236517,59710,917802,640413,763954
236518,59758,729401,1078043,1600233
236519,62871,894780,994307,1311229
236520,51430,166933,802992,620649
236521,77555,369605,896865,493828
236522,50946,928623,873107,1757628
236523,72594,159068,587928,1593758
236524,56813,948376,1018327,789549
236525,50843,399536,226087,1610124
236526,68177,213348,336461,1179611
236527,87815,739896,504790,1928697
236528,56791,918472,388085,1207656
236529,70238,101880,620695,784713
236530,62305,210237,995529,996131
311111,68949,1183728,1243584,1836758
311112,59372,1608588,863615,920092
311113,51732,824013,691184,436874
311114,79651,805576,950412,1450439
311115,65638,997070,967765,936981
311116,77350,855922,473760,1392826
311117,71083,844538,855896,1005807
311118,52015,1180728,1364322,1508786
311119,81774,642774,670345,2134065
311120,73466,1383487,954110,848020
311121,82623,1070896,1497163,1258231
311122,51562,1361756,879128,696093
311123,83655,970308,556259,1978028
311124,82988,423833,677850,969109
311125,51416,1106081,987304,1685086
311126,57991,994140,636577,1768417
311127,86410,752951,362126,2101062
311128,75024,726851,1013948,1890005
311129,81082,619312,1119394,1870286
311130,89426,672300,928828,2299177
311131,71534,558653,390829,1143207
311132,85186,1127958,1096663,1223023
311133,50903,1547810,681532,997095
311134,70082,1108008,1040023,2033729
311135,62461,1258666,478971,1892333
311136,53131,718282,471886,734903
311137,60125,955887,1090255,1759653
311138,62521,636826,315134,1008430
311139,71153,1500394,1038393,1794558
311140,67437,1037287,886359,1554747
